"","time","mid"
"2521",25200000000000,9809.75
"2522",25210000000000,9809.75
"2523",25220000000000,9809.75
"2524",25230000000000,9809.75
"2525",25240000000000,9809.75
"2526",25250000000000,9809.75
"2527",25260000000000,9809.75
"2528",25270000000000,9809.75
"2529",25280000000000,9809.75
"2530",25290000000000,9809.75
"2531",25300000000000,9809.75
"2532",25310000000000,9809.75
"2533",25320000000000,9809.75
"2534",25330000000000,9809.75
"2535",25340000000000,9809.75
"2536",25350000000000,9809.75
"2537",25360000000000,9809.75
"2538",25370000000000,9809.75
"2539",25380000000000,9809.75
"2540",25390000000000,9809.75
"2541",25400000000000,9809.75
"2542",25410000000000,9809.75
"2543",25420000000000,9809.75
"2544",25430000000000,9809.75
"2545",25440000000000,9809.75
"2546",25450000000000,9809.75
"2547",25460000000000,9809.75
"2548",25470000000000,9809.75
"2549",25480000000000,9809.75
"2550",25490000000000,9809.75
"2551",25500000000000,9809.75
"2552",25510000000000,9809.75
"2553",25520000000000,9809.75
"2554",25530000000000,9809.75
"2555",25540000000000,9809.75
"2556",25550000000000,9809.75
"2557",25560000000000,9809.75
"2558",25570000000000,9809.75
"2559",25580000000000,9809.75
"2560",25590000000000,9809.75
"2561",25600000000000,9809.75
"2562",25610000000000,9809.75
"2563",25620000000000,9809.75
"2564",25630000000000,9809.75
"2565",25640000000000,9809.75
"2566",25650000000000,9809.75
"2567",25660000000000,9809.75
"2568",25670000000000,9809.75
"2569",25680000000000,9809.75
"2570",25690000000000,9809.75
"2571",25700000000000,9809.75
"2572",25710000000000,9809.75
"2573",25720000000000,9809.75
"2574",25730000000000,9809.75
"2575",25740000000000,9809.75
"2576",25750000000000,9809.75
"2577",25760000000000,9809.75
"2578",25770000000000,9809.75
"2579",25780000000000,9809.75
"2580",25790000000000,9809.75
"2581",25800000000000,9809.75
"2582",25810000000000,9809.75
"2583",25820000000000,9809.75
"2584",25830000000000,9809.75
"2585",25840000000000,9809.75
"2586",25850000000000,9809.75
"2587",25860000000000,9809.75
"2588",25870000000000,9809.75
"2589",25880000000000,9809.75
"2590",25890000000000,9809.75
"2591",25900000000000,9809.75
"2592",25910000000000,9809.75
"2593",25920000000000,9809.75
"2594",25930000000000,9809.75
"2595",25940000000000,9809.75
"2596",25950000000000,9809.75
"2597",25960000000000,9809.75
"2598",25970000000000,9809.75
"2599",25980000000000,9809.75
"2600",25990000000000,9809.75
"2601",26000000000000,9809.75
"2602",26010000000000,9809.75
"2603",26020000000000,9809.75
"2604",26030000000000,9809.75
"2605",26040000000000,9809.75
"2606",26050000000000,9809.75
"2607",26060000000000,9809.75
"2608",26070000000000,9809.75
"2609",26080000000000,9809.75
"2610",26090000000000,9809.75
"2611",26100000000000,9809.75
"2612",26110000000000,9809.75
"2613",26120000000000,9809.75
"2614",26130000000000,9809.75
"2615",26140000000000,9809.75
"2616",26150000000000,9809.75
"2617",26160000000000,9809.75
"2618",26170000000000,9809.75
"2619",26180000000000,9809.75
"2620",26190000000000,9809.75
"2621",26200000000000,9809.75
"2622",26210000000000,9809.75
"2623",26220000000000,9809.75
"2624",26230000000000,9809.75
"2625",26240000000000,9809.75
"2626",26250000000000,9809.75
"2627",26260000000000,9809.75
"2628",26270000000000,9809.75
"2629",26280000000000,9809.75
"2630",26290000000000,9809.75
"2631",26300000000000,9809.75
"2632",26310000000000,9809.75
"2633",26320000000000,9809.75
"2634",26330000000000,9809.25
"2635",26340000000000,9809.25
"2636",26350000000000,9809.75
"2637",26360000000000,9809.75
"2638",26370000000000,9809.75
"2639",26380000000000,9809.75
"2640",26390000000000,9809.75
"2641",26400000000000,9809.75
"2642",26410000000000,9809.75
"2643",26420000000000,9809.25
"2644",26430000000000,9809.75
"2645",26440000000000,9809.25
"2646",26450000000000,9809.25
"2647",26460000000000,9809.25
"2648",26470000000000,9809.25
"2649",26480000000000,9809.25
"2650",26490000000000,9809.25
"2651",26500000000000,9809.25
"2652",26510000000000,9809.25
"2653",26520000000000,9809.25
"2654",26530000000000,9809.25
"2655",26540000000000,9809.25
"2656",26550000000000,9809.25
"2657",26560000000000,9809.25
"2658",26570000000000,9809.25
"2659",26580000000000,9809.25
"2660",26590000000000,9809.25
"2661",26600000000000,9809.25
"2662",26610000000000,9809.25
"2663",26620000000000,9809.5
"2664",26630000000000,9809.25
"2665",26640000000000,9809.25
"2666",26650000000000,9809.25
"2667",26660000000000,9809.25
"2668",26670000000000,9809.25
"2669",26680000000000,9809.25
"2670",26690000000000,9809.25
"2671",26700000000000,9809.25
"2672",26710000000000,9809.25
"2673",26720000000000,9809.25
"2674",26730000000000,9809.25
"2675",26740000000000,9809.25
"2676",26750000000000,9809.25
"2677",26760000000000,9809.25
"2678",26770000000000,9809.25
"2679",26780000000000,9809.25
"2680",26790000000000,9809.25
"2681",26800000000000,9809.25
"2682",26810000000000,9809.25
"2683",26820000000000,9809.25
"2684",26830000000000,9809.25
"2685",26840000000000,9809.25
"2686",26850000000000,9809.25
"2687",26860000000000,9809.25
"2688",26870000000000,9809.25
"2689",26880000000000,9809.25
"2690",26890000000000,9809.25
"2691",26900000000000,9809.25
"2692",26910000000000,9809.25
"2693",26920000000000,9809.25
"2694",26930000000000,9809.25
"2695",26940000000000,9809.25
"2696",26950000000000,9809.25
"2697",26960000000000,9809.25
"2698",26970000000000,9809.25
"2699",26980000000000,9809.25
"2700",26990000000000,9808.75
"2701",27000000000000,9808.75
"2702",27010000000000,9811.75
"2703",27020000000000,9811.75
"2704",27030000000000,9812.25
"2705",27040000000000,9811.75
"2706",27050000000000,9812
"2707",27060000000000,9811.75
"2708",27070000000000,9812.25
"2709",27080000000000,9812.25
"2710",27090000000000,9812.25
"2711",27100000000000,9812.75
"2712",27110000000000,9813.25
"2713",27120000000000,9813.25
"2714",27130000000000,9813.25
"2715",27140000000000,9813.25
"2716",27150000000000,9813.25
"2717",27160000000000,9813.75
"2718",27170000000000,9813.75
"2719",27180000000000,9813.75
"2720",27190000000000,9813.75
"2721",27200000000000,9813.75
"2722",27210000000000,9813.75
"2723",27220000000000,9813.75
"2724",27230000000000,9813.75
"2725",27240000000000,9813.25
"2726",27250000000000,9813.25
"2727",27260000000000,9813.25
"2728",27270000000000,9813.25
"2729",27280000000000,9813.25
"2730",27290000000000,9813.25
"2731",27300000000000,9813.25
"2732",27310000000000,9813.25
"2733",27320000000000,9813.25
"2734",27330000000000,9813.25
"2735",27340000000000,9813.25
"2736",27350000000000,9813.75
"2737",27360000000000,9813.25
"2738",27370000000000,9813.25
"2739",27380000000000,9813.25
"2740",27390000000000,9813.25
"2741",27400000000000,9813.25
"2742",27410000000000,9813.25
"2743",27420000000000,9812.75
"2744",27430000000000,9812.75
"2745",27440000000000,9812.75
"2746",27450000000000,9812.75
"2747",27460000000000,9812.75
"2748",27470000000000,9812.75
"2749",27480000000000,9812.75
"2750",27490000000000,9812.75
"2751",27500000000000,9812.75
"2752",27510000000000,9812.75
"2753",27520000000000,9812.75
"2754",27530000000000,9812.75
"2755",27540000000000,9812.75
"2756",27550000000000,9812.75
"2757",27560000000000,9813.25
"2758",27570000000000,9812.75
"2759",27580000000000,9813.25
"2760",27590000000000,9813.25
"2761",27600000000000,9812.75
"2762",27610000000000,9812.75
"2763",27620000000000,9812.75
"2764",27630000000000,9813.25
"2765",27640000000000,9813.25
"2766",27650000000000,9813.25
"2767",27660000000000,9813.25
"2768",27670000000000,9813.25
"2769",27680000000000,9813.25
"2770",27690000000000,9813.25
"2771",27700000000000,9813.25
"2772",27710000000000,9813.25
"2773",27720000000000,9813.25
"2774",27730000000000,9813.25
"2775",27740000000000,9813.25
"2776",27750000000000,9813.25
"2777",27760000000000,9813.25
"2778",27770000000000,9813.25
"2779",27780000000000,9813.25
"2780",27790000000000,9813.5
"2781",27800000000000,9813.75
"2782",27810000000000,9813.75
"2783",27820000000000,9813.75
"2784",27830000000000,9813.75
"2785",27840000000000,9813.75
"2786",27850000000000,9813.75
"2787",27860000000000,9813.75
"2788",27870000000000,9813.75
"2789",27880000000000,9813.75
"2790",27890000000000,9813.75
"2791",27900000000000,9813.75
"2792",27910000000000,9813.75
"2793",27920000000000,9813.75
"2794",27930000000000,9813.75
"2795",27940000000000,9813.75
"2796",27950000000000,9813.75
"2797",27960000000000,9813.75
"2798",27970000000000,9813.75
"2799",27980000000000,9813.75
"2800",27990000000000,9813.75
"2801",28000000000000,9813.75
"2802",28010000000000,9813.75
"2803",28020000000000,9813.75
"2804",28030000000000,9813.75
"2805",28040000000000,9813.75
"2806",28050000000000,9813.75
"2807",28060000000000,9813.75
"2808",28070000000000,9813.75
"2809",28080000000000,9813.75
"2810",28090000000000,9813.75
"2811",28100000000000,9813.75
"2812",28110000000000,9813.75
"2813",28120000000000,9813.75
"2814",28130000000000,9813.75
"2815",28140000000000,9813.75
"2816",28150000000000,9813.75
"2817",28160000000000,9813.75
"2818",28170000000000,9813.75
"2819",28180000000000,9813.75
"2820",28190000000000,9813.75
"2821",28200000000000,9813.75
"2822",28210000000000,9813.75
"2823",28220000000000,9813.25
"2824",28230000000000,9813.25
"2825",28240000000000,9812.75
"2826",28250000000000,9812.75
"2827",28260000000000,9812.75
"2828",28270000000000,9812.75
"2829",28280000000000,9813.25
"2830",28290000000000,9813.25
"2831",28300000000000,9813.25
"2832",28310000000000,9813.25
"2833",28320000000000,9813.25
"2834",28330000000000,9813.25
"2835",28340000000000,9813.25
"2836",28350000000000,9813.25
"2837",28360000000000,9813.25
"2838",28370000000000,9813.25
"2839",28380000000000,9812.75
"2840",28390000000000,9813
"2841",28400000000000,9813.25
"2842",28410000000000,9812.75
"2843",28420000000000,9812.75
"2844",28430000000000,9812.75
"2845",28440000000000,9812.75
"2846",28450000000000,9813.25
"2847",28460000000000,9813.25
"2848",28470000000000,9813.25
"2849",28480000000000,9813.25
"2850",28490000000000,9813.25
"2851",28500000000000,9813.25
"2852",28510000000000,9813.25
"2853",28520000000000,9813.25
"2854",28530000000000,9813.25
"2855",28540000000000,9813.25
"2856",28550000000000,9813.25
"2857",28560000000000,9813.25
"2858",28570000000000,9813.25
"2859",28580000000000,9812.75
"2860",28590000000000,9812.75
"2861",28600000000000,9812.75
"2862",28610000000000,9812.75
"2863",28620000000000,9812.75
"2864",28630000000000,9812.75
"2865",28640000000000,9812.75
"2866",28650000000000,9812.75
"2867",28660000000000,9812.75
"2868",28670000000000,9812.75
"2869",28680000000000,9812.75
"2870",28690000000000,9812.75
"2871",28700000000000,9812.75
"2872",28710000000000,9812.75
"2873",28720000000000,9812.75
"2874",28730000000000,9812.75
"2875",28740000000000,9812.75
"2876",28750000000000,9812.75
"2877",28760000000000,9812.75
"2878",28770000000000,9812.75
"2879",28780000000000,9812.75
"2880",28790000000000,9812.75
"2881",28800000000000,9812.75
"2882",28810000000000,9812.75
"2883",28820000000000,9812.75
"2884",28830000000000,9812.75
"2885",28840000000000,9812.75
"2886",28850000000000,9812.75
"2887",28860000000000,9812.75
"2888",28870000000000,9812.75
"2889",28880000000000,9812.75
"2890",28890000000000,9812.75
"2891",28900000000000,9812.75
"2892",28910000000000,9812.75
"2893",28920000000000,9812.75
"2894",28930000000000,9812.75
"2895",28940000000000,9812.75
"2896",28950000000000,9812.75
"2897",28960000000000,9812.75
"2898",28970000000000,9812.25
"2899",28980000000000,9812.25
"2900",28990000000000,9812.25
"2901",29000000000000,9812.25
"2902",29010000000000,9812.25
"2903",29020000000000,9812.25
"2904",29030000000000,9812.25
"2905",29040000000000,9812.25
"2906",29050000000000,9812.25
"2907",29060000000000,9812.25
"2908",29070000000000,9812.25
"2909",29080000000000,9812.25
"2910",29090000000000,9812.25
"2911",29100000000000,9812.25
"2912",29110000000000,9812.25
"2913",29120000000000,9812.25
"2914",29130000000000,9812.25
"2915",29140000000000,9812.25
"2916",29150000000000,9812.25
"2917",29160000000000,9812.25
"2918",29170000000000,9812.75
"2919",29180000000000,9812.5
"2920",29190000000000,9812.5
"2921",29200000000000,9812.25
"2922",29210000000000,9812.5
"2923",29220000000000,9812.25
"2924",29230000000000,9812.25
"2925",29240000000000,9812.25
"2926",29250000000000,9812.25
"2927",29260000000000,9812.25
"2928",29270000000000,9812.25
"2929",29280000000000,9812.25
"2930",29290000000000,9812.25
"2931",29300000000000,9812.75
"2932",29310000000000,9812.25
"2933",29320000000000,9812.75
"2934",29330000000000,9812.5
"2935",29340000000000,9812.25
"2936",29350000000000,9812.25
"2937",29360000000000,9812.25
"2938",29370000000000,9812.25
"2939",29380000000000,9812.25
"2940",29390000000000,9812.25
"2941",29400000000000,9812.25
"2942",29410000000000,9812.25
"2943",29420000000000,9812.25
"2944",29430000000000,9812.25
"2945",29440000000000,9812.25
"2946",29450000000000,9812.25
"2947",29460000000000,9812.25
"2948",29470000000000,9812.25
"2949",29480000000000,9812.25
"2950",29490000000000,9812.25
"2951",29500000000000,9812.25
"2952",29510000000000,9812.25
"2953",29520000000000,9812.25
"2954",29530000000000,9812.25
"2955",29540000000000,9812.25
"2956",29550000000000,9812.25
"2957",29560000000000,9812.25
"2958",29570000000000,9812.25
"2959",29580000000000,9812.25
"2960",29590000000000,9812.25
"2961",29600000000000,9812.25
"2962",29610000000000,9812
"2963",29620000000000,9812.25
"2964",29630000000000,9811.75
"2965",29640000000000,9811.75
"2966",29650000000000,9811.75
"2967",29660000000000,9812.25
"2968",29670000000000,9812.25
"2969",29680000000000,9812.25
"2970",29690000000000,9812.25
"2971",29700000000000,9812.25
"2972",29710000000000,9812.25
"2973",29720000000000,9812.25
"2974",29730000000000,9812.25
"2975",29740000000000,9812.25
"2976",29750000000000,9812.25
"2977",29760000000000,9812.25
"2978",29770000000000,9812.25
"2979",29780000000000,9812.25
"2980",29790000000000,9812.25
"2981",29800000000000,9812.25
"2982",29810000000000,9812.25
"2983",29820000000000,9812.25
"2984",29830000000000,9812.25
"2985",29840000000000,9812.25
"2986",29850000000000,9812.25
"2987",29860000000000,9812.25
"2988",29870000000000,9812.25
"2989",29880000000000,9812.25
"2990",29890000000000,9812.25
"2991",29900000000000,9812.25
"2992",29910000000000,9812.25
"2993",29920000000000,9812.25
"2994",29930000000000,9812.25
"2995",29940000000000,9812.25
"2996",29950000000000,9812.25
"2997",29960000000000,9812.25
"2998",29970000000000,9812.25
"2999",29980000000000,9812.25
"3000",29990000000000,9812.25
"3001",30000000000000,9812.25
"3002",30010000000000,9812.25
"3003",30020000000000,9812.25
"3004",30030000000000,9812.75
"3005",30040000000000,9812.75
"3006",30050000000000,9812.75
"3007",30060000000000,9812.75
"3008",30070000000000,9812.75
"3009",30080000000000,9812.75
"3010",30090000000000,9812.75
"3011",30100000000000,9812.75
"3012",30110000000000,9812.75
"3013",30120000000000,9812.75
"3014",30130000000000,9812.75
"3015",30140000000000,9812.75
"3016",30150000000000,9812.75
"3017",30160000000000,9812.75
"3018",30170000000000,9812.75
"3019",30180000000000,9812.75
"3020",30190000000000,9812.75
"3021",30200000000000,9812.75
"3022",30210000000000,9812.75
"3023",30220000000000,9812.75
"3024",30230000000000,9812.75
"3025",30240000000000,9812.75
"3026",30250000000000,9812.75
"3027",30260000000000,9812.75
"3028",30270000000000,9812.75
"3029",30280000000000,9812.75
"3030",30290000000000,9812.75
"3031",30300000000000,9812.75
"3032",30310000000000,9813.25
"3033",30320000000000,9813.25
"3034",30330000000000,9813.25
"3035",30340000000000,9813.25
"3036",30350000000000,9813.25
"3037",30360000000000,9812.75
"3038",30370000000000,9812.75
"3039",30380000000000,9812.75
"3040",30390000000000,9812.75
"3041",30400000000000,9812.75
"3042",30410000000000,9812.75
"3043",30420000000000,9812.75
"3044",30430000000000,9813.25
"3045",30440000000000,9813.25
"3046",30450000000000,9813.25
"3047",30460000000000,9813.25
"3048",30470000000000,9813.25
"3049",30480000000000,9813.25
"3050",30490000000000,9813.25
"3051",30500000000000,9812.75
"3052",30510000000000,9812.75
"3053",30520000000000,9812.75
"3054",30530000000000,9812.75
"3055",30540000000000,9813.25
"3056",30550000000000,9813.25
"3057",30560000000000,9813.25
"3058",30570000000000,9813.25
"3059",30580000000000,9813.25
"3060",30590000000000,9813.25
"3061",30600000000000,9813.25
"3062",30610000000000,9813.25
"3063",30620000000000,9813.25
"3064",30630000000000,9813.25
"3065",30640000000000,9813.25
"3066",30650000000000,9813.25
"3067",30660000000000,9813.25
"3068",30670000000000,9813.25
"3069",30680000000000,9813.25
"3070",30690000000000,9813.25
"3071",30700000000000,9813.25
"3072",30710000000000,9813.25
"3073",30720000000000,9813.25
"3074",30730000000000,9813.25
"3075",30740000000000,9813.25
"3076",30750000000000,9813.25
"3077",30760000000000,9813.25
"3078",30770000000000,9813.25
"3079",30780000000000,9813.25
"3080",30790000000000,9813.25
"3081",30800000000000,9813.25
"3082",30810000000000,9813.25
"3083",30820000000000,9813.25
"3084",30830000000000,9813.25
"3085",30840000000000,9813.25
"3086",30850000000000,9813.25
"3087",30860000000000,9813.25
"3088",30870000000000,9813.25
"3089",30880000000000,9813.25
"3090",30890000000000,9813.25
"3091",30900000000000,9813.25
"3092",30910000000000,9813.25
"3093",30920000000000,9813.25
"3094",30930000000000,9813.25
"3095",30940000000000,9813.25
"3096",30950000000000,9813.25
"3097",30960000000000,9812.75
"3098",30970000000000,9812.75
"3099",30980000000000,9812.75
"3100",30990000000000,9812.75
"3101",31000000000000,9812.75
"3102",31010000000000,9812.75
"3103",31020000000000,9812.75
"3104",31030000000000,9812.75
"3105",31040000000000,9812.75
"3106",31050000000000,9812.75
"3107",31060000000000,9812.75
"3108",31070000000000,9812.75
"3109",31080000000000,9812.75
"3110",31090000000000,9812.75
"3111",31100000000000,9812.75
"3112",31110000000000,9813
"3113",31120000000000,9813
"3114",31130000000000,9813.25
"3115",31140000000000,9813.25
"3116",31150000000000,9813.25
"3117",31160000000000,9813.25
"3118",31170000000000,9813.25
"3119",31180000000000,9813.25
"3120",31190000000000,9813.25
"3121",31200000000000,9813.25
"3122",31210000000000,9813.25
"3123",31220000000000,9813.25
"3124",31230000000000,9813.25
"3125",31240000000000,9813.25
"3126",31250000000000,9813.25
"3127",31260000000000,9813.25
"3128",31270000000000,9813.25
"3129",31280000000000,9813.25
"3130",31290000000000,9813.25
"3131",31300000000000,9813.25
"3132",31310000000000,9813.25
"3133",31320000000000,9813.25
"3134",31330000000000,9813.25
"3135",31340000000000,9813.25
"3136",31350000000000,9813.25
"3137",31360000000000,9813.25
"3138",31370000000000,9813.25
"3139",31380000000000,9813.25
"3140",31390000000000,9813.25
"3141",31400000000000,9813.25
"3142",31410000000000,9813.25
"3143",31420000000000,9813.25
"3144",31430000000000,9813.25
"3145",31440000000000,9813.25
"3146",31450000000000,9813.25
"3147",31460000000000,9813.25
"3148",31470000000000,9813.25
"3149",31480000000000,9813.25
"3150",31490000000000,9813.25
"3151",31500000000000,9813.25
"3152",31510000000000,9813.25
"3153",31520000000000,9813.25
"3154",31530000000000,9813.25
"3155",31540000000000,9813.25
"3156",31550000000000,9813.25
"3157",31560000000000,9813.25
"3158",31570000000000,9813.25
"3159",31580000000000,9813.25
"3160",31590000000000,9813.25
"3161",31600000000000,9813.25
"3162",31610000000000,9813.25
"3163",31620000000000,9813.25
"3164",31630000000000,9813.25
"3165",31640000000000,9813.25
"3166",31650000000000,9813.25
"3167",31660000000000,9813.25
"3168",31670000000000,9813.25
"3169",31680000000000,9813.25
"3170",31690000000000,9813.25
"3171",31700000000000,9813.25
"3172",31710000000000,9813.25
"3173",31720000000000,9813.25
"3174",31730000000000,9812.75
"3175",31740000000000,9812.75
"3176",31750000000000,9812.75
"3177",31760000000000,9812.75
"3178",31770000000000,9812.75
"3179",31780000000000,9812.75
"3180",31790000000000,9812.75
"3181",31800000000000,9812.75
"3182",31810000000000,9812.75
"3183",31820000000000,9812.75
"3184",31830000000000,9812.75
"3185",31840000000000,9812.75
"3186",31850000000000,9812.75
"3187",31860000000000,9812.75
"3188",31870000000000,9812.75
"3189",31880000000000,9812.75
"3190",31890000000000,9812.75
"3191",31900000000000,9812.75
"3192",31910000000000,9812.75
"3193",31920000000000,9812.75
"3194",31930000000000,9812.75
"3195",31940000000000,9812.75
"3196",31950000000000,9812.75
"3197",31960000000000,9812.75
"3198",31970000000000,9812.75
"3199",31980000000000,9812.75
"3200",31990000000000,9812.75
"3201",32000000000000,9812.75
"3202",32010000000000,9812.75
"3203",32020000000000,9812.75
"3204",32030000000000,9812.75
"3205",32040000000000,9812.75
"3206",32050000000000,9812.75
"3207",32060000000000,9812.75
"3208",32070000000000,9812.75
"3209",32080000000000,9812.75
"3210",32090000000000,9812.75
"3211",32100000000000,9812.75
"3212",32110000000000,9812.75
"3213",32120000000000,9812.75
"3214",32130000000000,9812.75
"3215",32140000000000,9812.75
"3216",32150000000000,9812.25
"3217",32160000000000,9812.25
"3218",32170000000000,9812.25
"3219",32180000000000,9812.25
"3220",32190000000000,9812.25
"3221",32200000000000,9812.25
"3222",32210000000000,9812.25
"3223",32220000000000,9812.25
"3224",32230000000000,9812.25
"3225",32240000000000,9812.25
"3226",32250000000000,9812.25
"3227",32260000000000,9812.5
"3228",32270000000000,9812.25
"3229",32280000000000,9812.25
"3230",32290000000000,9812.5
"3231",32300000000000,9812.75
"3232",32310000000000,9812.5
"3233",32320000000000,9812.25
"3234",32330000000000,9812.25
"3235",32340000000000,9812.25
"3236",32350000000000,9812.25
"3237",32360000000000,9812.25
"3238",32370000000000,9812.5
"3239",32380000000000,9812.5
"3240",32390000000000,9812.25
"3241",32400000000000,9812.5
"3242",32410000000000,9812.25
"3243",32420000000000,9812.25
"3244",32430000000000,9812.25
"3245",32440000000000,9812.25
"3246",32450000000000,9812.25
"3247",32460000000000,9812.25
"3248",32470000000000,9812.25
"3249",32480000000000,9812.25
"3250",32490000000000,9812.25
"3251",32500000000000,9812.25
"3252",32510000000000,9812.25
"3253",32520000000000,9812.25
"3254",32530000000000,9812.25
"3255",32540000000000,9812.25
"3256",32550000000000,9812.25
"3257",32560000000000,9812.25
"3258",32570000000000,9812.25
"3259",32580000000000,9812.25
"3260",32590000000000,9812.25
"3261",32600000000000,9812.25
"3262",32610000000000,9812.25
"3263",32620000000000,9812.25
"3264",32630000000000,9812.25
"3265",32640000000000,9812.25
"3266",32650000000000,9812.25
"3267",32660000000000,9812.25
"3268",32670000000000,9812.25
"3269",32680000000000,9812.25
"3270",32690000000000,9812.25
"3271",32700000000000,9812.25
"3272",32710000000000,9812.25
"3273",32720000000000,9812.25
"3274",32730000000000,9812.25
"3275",32740000000000,9812.25
"3276",32750000000000,9812.25
"3277",32760000000000,9812.25
"3278",32770000000000,9812.25
"3279",32780000000000,9812.25
"3280",32790000000000,9812.25
"3281",32800000000000,9812.25
"3282",32810000000000,9812.25
"3283",32820000000000,9812.25
"3284",32830000000000,9812.25
"3285",32840000000000,9812.25
"3286",32850000000000,9812.25
"3287",32860000000000,9812.25
"3288",32870000000000,9812.25
"3289",32880000000000,9812.25
"3290",32890000000000,9812.25
"3291",32900000000000,9812.25
"3292",32910000000000,9812.25
"3293",32920000000000,9812.25
"3294",32930000000000,9812.25
"3295",32940000000000,9811.75
"3296",32950000000000,9811.75
"3297",32960000000000,9811.75
"3298",32970000000000,9811.75
"3299",32980000000000,9811.75
"3300",32990000000000,9811.75
"3301",33000000000000,9811.75
"3302",33010000000000,9811.75
"3303",33020000000000,9811.75
"3304",33030000000000,9811.75
"3305",33040000000000,9811.75
"3306",33050000000000,9811.75
"3307",33060000000000,9811.75
"3308",33070000000000,9811.75
"3309",33080000000000,9811.75
"3310",33090000000000,9811.75
"3311",33100000000000,9811.75
"3312",33110000000000,9811.75
"3313",33120000000000,9811.75
"3314",33130000000000,9811.75
"3315",33140000000000,9811.75
"3316",33150000000000,9811.75
"3317",33160000000000,9811.75
"3318",33170000000000,9811.75
"3319",33180000000000,9811.75
"3320",33190000000000,9811.75
"3321",33200000000000,9811.75
"3322",33210000000000,9811.75
"3323",33220000000000,9811.75
"3324",33230000000000,9811.75
"3325",33240000000000,9811.75
"3326",33250000000000,9811.75
"3327",33260000000000,9811.75
"3328",33270000000000,9811.75
"3329",33280000000000,9811.75
"3330",33290000000000,9811.75
"3331",33300000000000,9811.75
"3332",33310000000000,9811.25
"3333",33320000000000,9811.25
"3334",33330000000000,9811.25
"3335",33340000000000,9811.25
"3336",33350000000000,9811.25
"3337",33360000000000,9811.25
"3338",33370000000000,9811.25
"3339",33380000000000,9811.25
"3340",33390000000000,9811.25
"3341",33400000000000,9811.25
"3342",33410000000000,9811.25
"3343",33420000000000,9811.25
"3344",33430000000000,9811.25
"3345",33440000000000,9811.25
"3346",33450000000000,9811.25
"3347",33460000000000,9811.25
"3348",33470000000000,9811.25
"3349",33480000000000,9811.25
"3350",33490000000000,9811.25
"3351",33500000000000,9811.25
"3352",33510000000000,9811.25
"3353",33520000000000,9811.25
"3354",33530000000000,9811.25
"3355",33540000000000,9811.25
"3356",33550000000000,9811.25
"3357",33560000000000,9811.25
"3358",33570000000000,9811.25
"3359",33580000000000,9811.25
"3360",33590000000000,9811.25
"3361",33600000000000,9811.25
"3362",33610000000000,9811.25
"3363",33620000000000,9811.25
"3364",33630000000000,9811.25
"3365",33640000000000,9811.25
"3366",33650000000000,9811.25
"3367",33660000000000,9811.25
"3368",33670000000000,9811.25
"3369",33680000000000,9811.25
"3370",33690000000000,9811.25
"3371",33700000000000,9811.25
"3372",33710000000000,9811.25
"3373",33720000000000,9811.25
"3374",33730000000000,9811.25
"3375",33740000000000,9811.25
"3376",33750000000000,9811.25
"3377",33760000000000,9811.25
"3378",33770000000000,9811.25
"3379",33780000000000,9811.25
"3380",33790000000000,9811.25
"3381",33800000000000,9811.25
"3382",33810000000000,9811.75
"3383",33820000000000,9811.75
"3384",33830000000000,9811.75
"3385",33840000000000,9811.75
"3386",33850000000000,9811.75
"3387",33860000000000,9811.75
"3388",33870000000000,9811.75
"3389",33880000000000,9811.75
"3390",33890000000000,9811.25
"3391",33900000000000,9811.25
"3392",33910000000000,9811.75
"3393",33920000000000,9811.75
"3394",33930000000000,9811.25
"3395",33940000000000,9811.25
"3396",33950000000000,9811.25
"3397",33960000000000,9811.25
"3398",33970000000000,9811.25
"3399",33980000000000,9811.25
"3400",33990000000000,9811.25
"3401",34000000000000,9811.25
"3402",34010000000000,9811.25
"3403",34020000000000,9811.25
"3404",34030000000000,9811.25
"3405",34040000000000,9811.25
"3406",34050000000000,9811.25
"3407",34060000000000,9811.25
"3408",34070000000000,9811.25
"3409",34080000000000,9811.25
"3410",34090000000000,9811.25
"3411",34100000000000,9811.25
"3412",34110000000000,9811.25
"3413",34120000000000,9811.25
"3414",34130000000000,9811.25
"3415",34140000000000,9811.25
"3416",34150000000000,9811.25
"3417",34160000000000,9811.25
"3418",34170000000000,9811.25
"3419",34180000000000,9811.25
"3420",34190000000000,9811.25
"3421",34200000000000,9811.25
"3422",34210000000000,9811.25
"3423",34220000000000,9811.25
"3424",34230000000000,9811.25
"3425",34240000000000,9811.25
"3426",34250000000000,9811.25
"3427",34260000000000,9811.25
"3428",34270000000000,9811.25
"3429",34280000000000,9811.25
"3430",34290000000000,9811.25
"3431",34300000000000,9811.25
"3432",34310000000000,9811.25
"3433",34320000000000,9811.25
"3434",34330000000000,9811.25
"3435",34340000000000,9811.25
"3436",34350000000000,9811.25
"3437",34360000000000,9811.25
"3438",34370000000000,9811.25
"3439",34380000000000,9811.25
"3440",34390000000000,9811.25
"3441",34400000000000,9811.25
"3442",34410000000000,9811.25
"3443",34420000000000,9811.25
"3444",34430000000000,9811.25
"3445",34440000000000,9811.25
"3446",34450000000000,9811.25
"3447",34460000000000,9811.25
"3448",34470000000000,9811.75
"3449",34480000000000,9811.5
"3450",34490000000000,9811.75
"3451",34500000000000,9811.25
"3452",34510000000000,9811.25
"3453",34520000000000,9811.25
"3454",34530000000000,9811.25
"3455",34540000000000,9811.25
"3456",34550000000000,9811.25
"3457",34560000000000,9811.25
"3458",34570000000000,9811.25
"3459",34580000000000,9811.25
"3460",34590000000000,9811.25
"3461",34600000000000,9811.25
"3462",34610000000000,9811.25
"3463",34620000000000,9811.25
"3464",34630000000000,9811.25
"3465",34640000000000,9811.25
"3466",34650000000000,9811.25
"3467",34660000000000,9811.25
"3468",34670000000000,9811.25
"3469",34680000000000,9811.25
"3470",34690000000000,9811.25
"3471",34700000000000,9811.25
"3472",34710000000000,9811.25
"3473",34720000000000,9811.25
"3474",34730000000000,9811.25
"3475",34740000000000,9811.75
"3476",34750000000000,9811.25
"3477",34760000000000,9811.25
"3478",34770000000000,9811.25
"3479",34780000000000,9811.25
"3480",34790000000000,9811.25
"3481",34800000000000,9811.25
"3482",34810000000000,9811.25
"3483",34820000000000,9811.25
"3484",34830000000000,9811.25
"3485",34840000000000,9811.25
"3486",34850000000000,9811.25
"3487",34860000000000,9811.25
"3488",34870000000000,9811.25
"3489",34880000000000,9811.25
"3490",34890000000000,9811.25
"3491",34900000000000,9811.25
"3492",34910000000000,9811.25
"3493",34920000000000,9811.25
"3494",34930000000000,9811.25
"3495",34940000000000,9811.25
"3496",34950000000000,9811.25
"3497",34960000000000,9811.25
"3498",34970000000000,9811.25
"3499",34980000000000,9811.25
"3500",34990000000000,9811.25
"3501",35000000000000,9811.25
"3502",35010000000000,9811.25
"3503",35020000000000,9811.75
"3504",35030000000000,9811.75
"3505",35040000000000,9811.75
"3506",35050000000000,9811.75
"3507",35060000000000,9811.75
"3508",35070000000000,9811.75
"3509",35080000000000,9811.75
"3510",35090000000000,9811.75
"3511",35100000000000,9811.75
"3512",35110000000000,9811.5
"3513",35120000000000,9811.25
"3514",35130000000000,9811.25
"3515",35140000000000,9811.75
"3516",35150000000000,9811.75
"3517",35160000000000,9811.75
"3518",35170000000000,9811.75
"3519",35180000000000,9811.75
"3520",35190000000000,9811.75
"3521",35200000000000,9811.75
"3522",35210000000000,9811.75
"3523",35220000000000,9811.75
"3524",35230000000000,9811.25
"3525",35240000000000,9811.25
"3526",35250000000000,9811.25
"3527",35260000000000,9811.25
"3528",35270000000000,9811.25
"3529",35280000000000,9811.75
"3530",35290000000000,9811.25
"3531",35300000000000,9811.25
"3532",35310000000000,9811.25
"3533",35320000000000,9811.25
"3534",35330000000000,9811.75
"3535",35340000000000,9811.75
"3536",35350000000000,9811.75
"3537",35360000000000,9811.75
"3538",35370000000000,9811.75
"3539",35380000000000,9811.75
"3540",35390000000000,9811.75
"3541",35400000000000,9811.75
"3542",35410000000000,9811.75
"3543",35420000000000,9811.75
"3544",35430000000000,9811.75
"3545",35440000000000,9811.75
"3546",35450000000000,9811.75
"3547",35460000000000,9811.75
"3548",35470000000000,9811.75
"3549",35480000000000,9811.75
"3550",35490000000000,9811.75
"3551",35500000000000,9811.75
"3552",35510000000000,9811.75
"3553",35520000000000,9811.75
"3554",35530000000000,9811.75
"3555",35540000000000,9811.75
"3556",35550000000000,9811.75
"3557",35560000000000,9811.75
"3558",35570000000000,9811.75
"3559",35580000000000,9811.75
"3560",35590000000000,9811.75
"3561",35600000000000,9811.75
"3562",35610000000000,9811.75
"3563",35620000000000,9811.75
"3564",35630000000000,9811.75
"3565",35640000000000,9811.75
"3566",35650000000000,9811.75
"3567",35660000000000,9811.75
"3568",35670000000000,9811.75
"3569",35680000000000,9811.75
"3570",35690000000000,9811.75
"3571",35700000000000,9811.75
"3572",35710000000000,9811.75
"3573",35720000000000,9811.75
"3574",35730000000000,9811.75
"3575",35740000000000,9811.75
"3576",35750000000000,9811.75
"3577",35760000000000,9811.75
"3578",35770000000000,9811.75
"3579",35780000000000,9811.75
"3580",35790000000000,9811.75
"3581",35800000000000,9811.75
"3582",35810000000000,9811.75
"3583",35820000000000,9811.75
"3584",35830000000000,9811.75
"3585",35840000000000,9811.75
"3586",35850000000000,9811.75
"3587",35860000000000,9811.75
"3588",35870000000000,9811.75
"3589",35880000000000,9811.75
"3590",35890000000000,9811.75
"3591",35900000000000,9811.75
"3592",35910000000000,9811.75
"3593",35920000000000,9811.75
"3594",35930000000000,9811.75
"3595",35940000000000,9811.75
"3596",35950000000000,9811.75
"3597",35960000000000,9811.75
"3598",35970000000000,9811.75
"3599",35980000000000,9811.75
"3600",35990000000000,9811.75
"3601",36000000000000,9811.75
"3602",36010000000000,9811.75
"3603",36020000000000,9811.75
"3604",36030000000000,9811.75
"3605",36040000000000,9811.75
"3606",36050000000000,9811.75
"3607",36060000000000,9811.75
"3608",36070000000000,9811.75
"3609",36080000000000,9811.75
"3610",36090000000000,9811.75
"3611",36100000000000,9811.75
"3612",36110000000000,9811.75
"3613",36120000000000,9811.75
"3614",36130000000000,9811.75
"3615",36140000000000,9811.75
"3616",36150000000000,9811.75
"3617",36160000000000,9811.75
"3618",36170000000000,9811.75
"3619",36180000000000,9811.75
"3620",36190000000000,9811.75
"3621",36200000000000,9811.75
"3622",36210000000000,9811.75
"3623",36220000000000,9811.75
"3624",36230000000000,9811.75
"3625",36240000000000,9812
"3626",36250000000000,9811.75
"3627",36260000000000,9811.75
"3628",36270000000000,9811.75
"3629",36280000000000,9811.75
"3630",36290000000000,9811.75
"3631",36300000000000,9811.75
"3632",36310000000000,9811.75
"3633",36320000000000,9811.75
"3634",36330000000000,9812.25
"3635",36340000000000,9812.25
"3636",36350000000000,9812.25
"3637",36360000000000,9812.25
"3638",36370000000000,9812
"3639",36380000000000,9812
"3640",36390000000000,9811.75
"3641",36400000000000,9812.25
"3642",36410000000000,9812.25
"3643",36420000000000,9812.25
"3644",36430000000000,9812.25
"3645",36440000000000,9812
"3646",36450000000000,9812.25
"3647",36460000000000,9812.25
"3648",36470000000000,9812.25
"3649",36480000000000,9812.25
"3650",36490000000000,9812.25
"3651",36500000000000,9812.25
"3652",36510000000000,9812.25
"3653",36520000000000,9812.25
"3654",36530000000000,9812.25
"3655",36540000000000,9812.25
"3656",36550000000000,9812.25
"3657",36560000000000,9812.25
"3658",36570000000000,9812.25
"3659",36580000000000,9812.25
"3660",36590000000000,9812.25
"3661",36600000000000,9812.25
"3662",36610000000000,9812.25
"3663",36620000000000,9812.25
"3664",36630000000000,9812.25
"3665",36640000000000,9812.25
"3666",36650000000000,9812.25
"3667",36660000000000,9812.25
"3668",36670000000000,9812.25
"3669",36680000000000,9812.25
"3670",36690000000000,9812.25
"3671",36700000000000,9812.25
"3672",36710000000000,9812.25
"3673",36720000000000,9812.25
"3674",36730000000000,9812.25
"3675",36740000000000,9812.25
"3676",36750000000000,9812.25
"3677",36760000000000,9812.25
"3678",36770000000000,9812.25
"3679",36780000000000,9812.25
"3680",36790000000000,9812.25
"3681",36800000000000,9812.25
"3682",36810000000000,9812.25
"3683",36820000000000,9812.25
"3684",36830000000000,9812.25
"3685",36840000000000,9812.25
"3686",36850000000000,9812.25
"3687",36860000000000,9812.25
"3688",36870000000000,9812.25
"3689",36880000000000,9812.5
"3690",36890000000000,9812.25
"3691",36900000000000,9812.5
"3692",36910000000000,9812.75
"3693",36920000000000,9812.75
"3694",36930000000000,9812.75
"3695",36940000000000,9812.75
"3696",36950000000000,9812.25
"3697",36960000000000,9812.25
"3698",36970000000000,9812.25
"3699",36980000000000,9812.25
"3700",36990000000000,9812.25
"3701",37000000000000,9812.25
"3702",37010000000000,9812.25
"3703",37020000000000,9812.25
"3704",37030000000000,9812.25
"3705",37040000000000,9812.25
"3706",37050000000000,9812.25
"3707",37060000000000,9812.25
"3708",37070000000000,9812.25
"3709",37080000000000,9812.25
"3710",37090000000000,9812.25
"3711",37100000000000,9812.25
"3712",37110000000000,9812.25
"3713",37120000000000,9812.25
"3714",37130000000000,9812.25
"3715",37140000000000,9812.25
"3716",37150000000000,9812.25
"3717",37160000000000,9812.25
"3718",37170000000000,9812.25
"3719",37180000000000,9812.25
"3720",37190000000000,9812.25
"3721",37200000000000,9812.25
"3722",37210000000000,9812.25
"3723",37220000000000,9812.25
"3724",37230000000000,9812.25
"3725",37240000000000,9812.25
"3726",37250000000000,9812.25
"3727",37260000000000,9812.25
"3728",37270000000000,9812.25
"3729",37280000000000,9812.25
"3730",37290000000000,9812.25
"3731",37300000000000,9812.25
"3732",37310000000000,9812.25
"3733",37320000000000,9812.25
"3734",37330000000000,9812.25
"3735",37340000000000,9812.25
"3736",37350000000000,9812.25
"3737",37360000000000,9812.25
"3738",37370000000000,9812.25
"3739",37380000000000,9812.25
"3740",37390000000000,9812.25
"3741",37400000000000,9812.75
"3742",37410000000000,9812.75
"3743",37420000000000,9812.75
"3744",37430000000000,9812.75
"3745",37440000000000,9812.75
"3746",37450000000000,9812.75
"3747",37460000000000,9812.75
"3748",37470000000000,9812.75
"3749",37480000000000,9812.25
"3750",37490000000000,9812.75
"3751",37500000000000,9812.75
"3752",37510000000000,9812.75
"3753",37520000000000,9812.75
"3754",37530000000000,9812.75
"3755",37540000000000,9812.75
"3756",37550000000000,9812.75
"3757",37560000000000,9812.75
"3758",37570000000000,9812.75
"3759",37580000000000,9812.75
"3760",37590000000000,9812.75
"3761",37600000000000,9812.75
"3762",37610000000000,9812.75
"3763",37620000000000,9812.75
"3764",37630000000000,9812.75
"3765",37640000000000,9812.75
"3766",37650000000000,9812.75
"3767",37660000000000,9812.75
"3768",37670000000000,9812.75
"3769",37680000000000,9812.75
"3770",37690000000000,9812.75
"3771",37700000000000,9812.75
"3772",37710000000000,9812.75
"3773",37720000000000,9812.75
"3774",37730000000000,9812.75
"3775",37740000000000,9812.75
"3776",37750000000000,9812.75
"3777",37760000000000,9812.75
"3778",37770000000000,9812.75
"3779",37780000000000,9812.75
"3780",37790000000000,9812.75
"3781",37800000000000,9812.75
"3782",37810000000000,9812.75
"3783",37820000000000,9812.75
"3784",37830000000000,9812.75
"3785",37840000000000,9812.75
"3786",37850000000000,9812.75
"3787",37860000000000,9812.75
"3788",37870000000000,9812.75
"3789",37880000000000,9812.75
"3790",37890000000000,9812.75
"3791",37900000000000,9812.75
"3792",37910000000000,9812.75
"3793",37920000000000,9812.75
"3794",37930000000000,9812.75
"3795",37940000000000,9812.75
"3796",37950000000000,9812.75
"3797",37960000000000,9812.75
"3798",37970000000000,9812.75
"3799",37980000000000,9812.75
"3800",37990000000000,9812.75
"3801",38000000000000,9812.75
"3802",38010000000000,9812.75
"3803",38020000000000,9812.75
"3804",38030000000000,9812.75
"3805",38040000000000,9812.75
"3806",38050000000000,9812.75
"3807",38060000000000,9812.75
"3808",38070000000000,9812.75
"3809",38080000000000,9812.75
"3810",38090000000000,9812.75
"3811",38100000000000,9812.75
"3812",38110000000000,9812.75
"3813",38120000000000,9812.75
"3814",38130000000000,9812.75
"3815",38140000000000,9812.75
"3816",38150000000000,9812.75
"3817",38160000000000,9812.75
"3818",38170000000000,9812.75
"3819",38180000000000,9812.75
"3820",38190000000000,9812.75
"3821",38200000000000,9812.75
"3822",38210000000000,9812.75
"3823",38220000000000,9812.75
"3824",38230000000000,9812.75
"3825",38240000000000,9812.75
"3826",38250000000000,9812.75
"3827",38260000000000,9812.75
"3828",38270000000000,9812.75
"3829",38280000000000,9812.75
"3830",38290000000000,9812.75
"3831",38300000000000,9812.75
"3832",38310000000000,9812.75
"3833",38320000000000,9812.75
"3834",38330000000000,9812.75
"3835",38340000000000,9812.75
"3836",38350000000000,9812.75
"3837",38360000000000,9812.75
"3838",38370000000000,9812.75
"3839",38380000000000,9812.75
"3840",38390000000000,9812.75
"3841",38400000000000,9812.75
"3842",38410000000000,9812.75
"3843",38420000000000,9812.75
"3844",38430000000000,9812.75
"3845",38440000000000,9812.75
"3846",38450000000000,9812.75
"3847",38460000000000,9812.75
"3848",38470000000000,9812.75
"3849",38480000000000,9812.75
"3850",38490000000000,9812.75
"3851",38500000000000,9812.75
"3852",38510000000000,9812.75
"3853",38520000000000,9812.75
"3854",38530000000000,9812.75
"3855",38540000000000,9812.75
"3856",38550000000000,9812.75
"3857",38560000000000,9812.75
"3858",38570000000000,9812.75
"3859",38580000000000,9812.75
"3860",38590000000000,9812.75
"3861",38600000000000,9812.75
"3862",38610000000000,9812.75
"3863",38620000000000,9812.75
"3864",38630000000000,9812.75
"3865",38640000000000,9812.75
"3866",38650000000000,9812.75
"3867",38660000000000,9812.75
"3868",38670000000000,9812.75
"3869",38680000000000,9812.75
"3870",38690000000000,9812.75
"3871",38700000000000,9812.75
"3872",38710000000000,9812.75
"3873",38720000000000,9812.75
"3874",38730000000000,9812.75
"3875",38740000000000,9812.75
"3876",38750000000000,9812.75
"3877",38760000000000,9812.75
"3878",38770000000000,9812.75
"3879",38780000000000,9812.75
"3880",38790000000000,9812.75
"3881",38800000000000,9812.75
"3882",38810000000000,9812.75
"3883",38820000000000,9812.75
"3884",38830000000000,9812.75
"3885",38840000000000,9812.75
"3886",38850000000000,9812.75
"3887",38860000000000,9812.75
"3888",38870000000000,9812.75
"3889",38880000000000,9812.75
"3890",38890000000000,9812.75
"3891",38900000000000,9812.75
"3892",38910000000000,9812.75
"3893",38920000000000,9812.75
"3894",38930000000000,9812.75
"3895",38940000000000,9812.75
"3896",38950000000000,9812.75
"3897",38960000000000,9812.75
"3898",38970000000000,9812.75
"3899",38980000000000,9812.75
"3900",38990000000000,9812.75
"3901",39000000000000,9812.75
"3902",39010000000000,9812.75
"3903",39020000000000,9812.75
"3904",39030000000000,9812.75
"3905",39040000000000,9812.75
"3906",39050000000000,9812.75
"3907",39060000000000,9812.75
"3908",39070000000000,9812.75
"3909",39080000000000,9812.75
"3910",39090000000000,9812.75
"3911",39100000000000,9812.75
"3912",39110000000000,9812.75
"3913",39120000000000,9812.75
"3914",39130000000000,9812.75
"3915",39140000000000,9812.75
"3916",39150000000000,9812.75
"3917",39160000000000,9812.75
"3918",39170000000000,9812.75
"3919",39180000000000,9812.75
"3920",39190000000000,9812.75
"3921",39200000000000,9812.75
"3922",39210000000000,9812.75
"3923",39220000000000,9812.75
"3924",39230000000000,9812.75
"3925",39240000000000,9812.75
"3926",39250000000000,9812.75
"3927",39260000000000,9812.75
"3928",39270000000000,9812.75
"3929",39280000000000,9812.75
"3930",39290000000000,9812.75
"3931",39300000000000,9812.75
"3932",39310000000000,9812.75
"3933",39320000000000,9812.75
"3934",39330000000000,9812.75
"3935",39340000000000,9812.75
"3936",39350000000000,9812.75
"3937",39360000000000,9812.75
"3938",39370000000000,9812.75
"3939",39380000000000,9812.75
"3940",39390000000000,9812.75
"3941",39400000000000,9812.25
"3942",39410000000000,9812.25
"3943",39420000000000,9812.25
"3944",39430000000000,9812.25
"3945",39440000000000,9812.25
"3946",39450000000000,9812.25
"3947",39460000000000,9812.25
"3948",39470000000000,9812.25
"3949",39480000000000,9812.25
"3950",39490000000000,9812.25
"3951",39500000000000,9812.25
"3952",39510000000000,9812.25
"3953",39520000000000,9812.25
"3954",39530000000000,9812.25
"3955",39540000000000,9812.75
"3956",39550000000000,9812.75
"3957",39560000000000,9812.75
"3958",39570000000000,9812.75
"3959",39580000000000,9812.75
"3960",39590000000000,9812.75
"3961",39600000000000,9812.75
"3962",39610000000000,9812.75
"3963",39620000000000,9812.75
"3964",39630000000000,9812.75
"3965",39640000000000,9812.75
"3966",39650000000000,9812.75
"3967",39660000000000,9812.75
"3968",39670000000000,9812.75
"3969",39680000000000,9812.75
"3970",39690000000000,9812.75
"3971",39700000000000,9812.75
"3972",39710000000000,9812.75
"3973",39720000000000,9812.75
"3974",39730000000000,9812.75
"3975",39740000000000,9812.75
"3976",39750000000000,9812.75
"3977",39760000000000,9812.75
"3978",39770000000000,9812.75
"3979",39780000000000,9812.75
"3980",39790000000000,9812.75
"3981",39800000000000,9812.75
"3982",39810000000000,9812.75
"3983",39820000000000,9812.75
"3984",39830000000000,9812.75
"3985",39840000000000,9812.75
"3986",39850000000000,9812.75
"3987",39860000000000,9812.75
"3988",39870000000000,9812.75
"3989",39880000000000,9812.75
"3990",39890000000000,9812.75
"3991",39900000000000,9812.75
"3992",39910000000000,9812.75
"3993",39920000000000,9812.75
"3994",39930000000000,9812.75
"3995",39940000000000,9812.75
"3996",39950000000000,9812.75
"3997",39960000000000,9812.75
"3998",39970000000000,9812.75
"3999",39980000000000,9812.75
"4000",39990000000000,9812.75
"4001",40000000000000,9812.75
"4002",40010000000000,9812.75
"4003",40020000000000,9812.75
"4004",40030000000000,9812.75
"4005",40040000000000,9812.75
"4006",40050000000000,9812.75
"4007",40060000000000,9812.75
"4008",40070000000000,9812.75
"4009",40080000000000,9812.75
"4010",40090000000000,9812.75
"4011",40100000000000,9812.75
"4012",40110000000000,9812.75
"4013",40120000000000,9812.75
"4014",40130000000000,9812.75
"4015",40140000000000,9812.75
"4016",40150000000000,9812.75
"4017",40160000000000,9812.75
"4018",40170000000000,9812.75
"4019",40180000000000,9812.75
"4020",40190000000000,9812.75
"4021",40200000000000,9812.75
"4022",40210000000000,9812.75
"4023",40220000000000,9812.75
"4024",40230000000000,9812.75
"4025",40240000000000,9812.75
"4026",40250000000000,9812.75
"4027",40260000000000,9812.75
"4028",40270000000000,9812.75
"4029",40280000000000,9812.75
"4030",40290000000000,9812.75
"4031",40300000000000,9812.75
"4032",40310000000000,9812.75
"4033",40320000000000,9812.75
"4034",40330000000000,9812.75
"4035",40340000000000,9812.75
"4036",40350000000000,9812.75
"4037",40360000000000,9812.75
"4038",40370000000000,9812.75
"4039",40380000000000,9812.75
"4040",40390000000000,9812.75
"4041",40400000000000,9812.75
"4042",40410000000000,9812.75
"4043",40420000000000,9812.75
"4044",40430000000000,9812.75
"4045",40440000000000,9812.75
"4046",40450000000000,9812.75
"4047",40460000000000,9812.75
"4048",40470000000000,9812.75
"4049",40480000000000,9812.75
"4050",40490000000000,9812.75
"4051",40500000000000,9812.75
"4052",40510000000000,9812.75
"4053",40520000000000,9812.75
"4054",40530000000000,9812.75
"4055",40540000000000,9812.75
"4056",40550000000000,9812.75
"4057",40560000000000,9812.75
"4058",40570000000000,9812.75
"4059",40580000000000,9812.75
"4060",40590000000000,9812.75
"4061",40600000000000,9812.75
"4062",40610000000000,9812.75
"4063",40620000000000,9812.75
"4064",40630000000000,9812.75
"4065",40640000000000,9812.75
"4066",40650000000000,9812.75
"4067",40660000000000,9812.75
"4068",40670000000000,9812.75
"4069",40680000000000,9812.75
"4070",40690000000000,9812.75
"4071",40700000000000,9812.75
"4072",40710000000000,9812.75
"4073",40720000000000,9812.75
"4074",40730000000000,9812.75
"4075",40740000000000,9812.75
"4076",40750000000000,9812.75
"4077",40760000000000,9812.75
"4078",40770000000000,9812.75
"4079",40780000000000,9812.75
"4080",40790000000000,9812.75
"4081",40800000000000,9812.75
"4082",40810000000000,9812.75
"4083",40820000000000,9812.75
"4084",40830000000000,9812.75
"4085",40840000000000,9812.75
"4086",40850000000000,9812.75
"4087",40860000000000,9812.75
"4088",40870000000000,9812.75
"4089",40880000000000,9812.75
"4090",40890000000000,9812.75
"4091",40900000000000,9812.75
"4092",40910000000000,9812.75
"4093",40920000000000,9812.75
"4094",40930000000000,9812.75
"4095",40940000000000,9812.75
"4096",40950000000000,9812.75
"4097",40960000000000,9812.75
"4098",40970000000000,9812.75
"4099",40980000000000,9812.75
"4100",40990000000000,9812.75
"4101",41000000000000,9812.75
"4102",41010000000000,9812.75
"4103",41020000000000,9812.75
"4104",41030000000000,9812.75
"4105",41040000000000,9812.75
"4106",41050000000000,9812.75
"4107",41060000000000,9812.75
"4108",41070000000000,9812.75
"4109",41080000000000,9812.75
"4110",41090000000000,9812.75
"4111",41100000000000,9812.75
"4112",41110000000000,9812.75
"4113",41120000000000,9812.75
"4114",41130000000000,9812.75
"4115",41140000000000,9812.75
"4116",41150000000000,9812.75
"4117",41160000000000,9812.75
"4118",41170000000000,9812.75
"4119",41180000000000,9812.75
"4120",41190000000000,9812.75
"4121",41200000000000,9812.75
"4122",41210000000000,9812.75
"4123",41220000000000,9812.75
"4124",41230000000000,9812.75
"4125",41240000000000,9812.75
"4126",41250000000000,9812.75
"4127",41260000000000,9812.75
"4128",41270000000000,9812.75
"4129",41280000000000,9812.75
"4130",41290000000000,9812.75
"4131",41300000000000,9812.75
"4132",41310000000000,9812.75
"4133",41320000000000,9812.75
"4134",41330000000000,9812.75
"4135",41340000000000,9812.75
"4136",41350000000000,9812.75
"4137",41360000000000,9812.75
"4138",41370000000000,9812.75
"4139",41380000000000,9812.75
"4140",41390000000000,9812.75
"4141",41400000000000,9812.75
"4142",41410000000000,9812.75
"4143",41420000000000,9812.75
"4144",41430000000000,9812.75
"4145",41440000000000,9812.75
"4146",41450000000000,9812.75
"4147",41460000000000,9812.75
"4148",41470000000000,9812.75
"4149",41480000000000,9812.75
"4150",41490000000000,9812.75
"4151",41500000000000,9812.75
"4152",41510000000000,9812.75
"4153",41520000000000,9812.75
"4154",41530000000000,9812.75
"4155",41540000000000,9812.75
"4156",41550000000000,9812.75
"4157",41560000000000,9812.75
"4158",41570000000000,9812.75
"4159",41580000000000,9812.75
"4160",41590000000000,9812.75
"4161",41600000000000,9812.75
"4162",41610000000000,9812.75
"4163",41620000000000,9812.75
"4164",41630000000000,9812.75
"4165",41640000000000,9812.75
"4166",41650000000000,9812.75
"4167",41660000000000,9812.75
"4168",41670000000000,9812.75
"4169",41680000000000,9812.75
"4170",41690000000000,9812.75
"4171",41700000000000,9812.75
"4172",41710000000000,9812.75
"4173",41720000000000,9812.75
"4174",41730000000000,9812.75
"4175",41740000000000,9812.75
"4176",41750000000000,9812.75
"4177",41760000000000,9812.75
"4178",41770000000000,9812.75
"4179",41780000000000,9812.75
"4180",41790000000000,9812.75
"4181",41800000000000,9812.75
"4182",41810000000000,9812.75
"4183",41820000000000,9812.75
"4184",41830000000000,9812.75
"4185",41840000000000,9812.75
"4186",41850000000000,9812.75
"4187",41860000000000,9812.75
"4188",41870000000000,9812.75
"4189",41880000000000,9812.75
"4190",41890000000000,9812.75
"4191",41900000000000,9812.75
"4192",41910000000000,9812.75
"4193",41920000000000,9812.75
"4194",41930000000000,9812.75
"4195",41940000000000,9812.75
"4196",41950000000000,9812.75
"4197",41960000000000,9812.75
"4198",41970000000000,9812.75
"4199",41980000000000,9812.75
"4200",41990000000000,9812.75
"4201",42000000000000,9812.75
"4202",42010000000000,9812.75
"4203",42020000000000,9812.75
"4204",42030000000000,9812.75
"4205",42040000000000,9812.75
"4206",42050000000000,9812.75
"4207",42060000000000,9812.75
"4208",42070000000000,9812.75
"4209",42080000000000,9812.75
"4210",42090000000000,9812.75
"4211",42100000000000,9812.75
"4212",42110000000000,9812.75
"4213",42120000000000,9812.75
"4214",42130000000000,9812.75
"4215",42140000000000,9812.75
"4216",42150000000000,9812.75
"4217",42160000000000,9812.75
"4218",42170000000000,9812.75
"4219",42180000000000,9812.75
"4220",42190000000000,9812.75
"4221",42200000000000,9812.75
"4222",42210000000000,9812.75
"4223",42220000000000,9812.75
"4224",42230000000000,9812.75
"4225",42240000000000,9812.75
"4226",42250000000000,9812.75
"4227",42260000000000,9812.75
"4228",42270000000000,9812.75
"4229",42280000000000,9812.75
"4230",42290000000000,9812.75
"4231",42300000000000,9812.75
"4232",42310000000000,9812.75
"4233",42320000000000,9812.75
"4234",42330000000000,9812.75
"4235",42340000000000,9812.75
"4236",42350000000000,9812.75
"4237",42360000000000,9812.75
"4238",42370000000000,9812.75
"4239",42380000000000,9812.75
"4240",42390000000000,9812.75
"4241",42400000000000,9812.75
"4242",42410000000000,9812.75
"4243",42420000000000,9812.75
"4244",42430000000000,9812.75
"4245",42440000000000,9812.75
"4246",42450000000000,9812.75
"4247",42460000000000,9812.75
"4248",42470000000000,9812.75
"4249",42480000000000,9812.25
"4250",42490000000000,9812.25
"4251",42500000000000,9812.25
"4252",42510000000000,9812.25
"4253",42520000000000,9812.25
"4254",42530000000000,9812.25
"4255",42540000000000,9812.25
"4256",42550000000000,9812.25
"4257",42560000000000,9812.25
"4258",42570000000000,9812.25
"4259",42580000000000,9812.25
"4260",42590000000000,9812.25
"4261",42600000000000,9812.25
"4262",42610000000000,9812.25
"4263",42620000000000,9812.25
"4264",42630000000000,9812.25
"4265",42640000000000,9812.25
"4266",42650000000000,9812.25
"4267",42660000000000,9812.25
"4268",42670000000000,9812.25
"4269",42680000000000,9812.25
"4270",42690000000000,9812.25
"4271",42700000000000,9812.25
"4272",42710000000000,9812.25
"4273",42720000000000,9812.25
"4274",42730000000000,9812.25
"4275",42740000000000,9812.25
"4276",42750000000000,9812.25
"4277",42760000000000,9812.25
"4278",42770000000000,9812.25
"4279",42780000000000,9812.75
"4280",42790000000000,9812.75
"4281",42800000000000,9812.75
"4282",42810000000000,9812.75
"4283",42820000000000,9812.75
"4284",42830000000000,9812.75
"4285",42840000000000,9812.75
"4286",42850000000000,9812.75
"4287",42860000000000,9812.75
"4288",42870000000000,9812.75
"4289",42880000000000,9812.75
"4290",42890000000000,9812.75
"4291",42900000000000,9812.75
"4292",42910000000000,9812.75
"4293",42920000000000,9812.75
"4294",42930000000000,9812.75
"4295",42940000000000,9812.75
"4296",42950000000000,9812.75
"4297",42960000000000,9812.75
"4298",42970000000000,9812.75
"4299",42980000000000,9812.75
"4300",42990000000000,9812.75
"4301",43000000000000,9812.75
"4302",43010000000000,9812.75
"4303",43020000000000,9812.75
"4304",43030000000000,9812.75
"4305",43040000000000,9812.75
"4306",43050000000000,9812.75
"4307",43060000000000,9812.75
"4308",43070000000000,9812.75
"4309",43080000000000,9812.75
"4310",43090000000000,9812.75
"4311",43100000000000,9812.75
"4312",43110000000000,9812.75
"4313",43120000000000,9812.75
"4314",43130000000000,9812.75
"4315",43140000000000,9812.75
"4316",43150000000000,9812.75
"4317",43160000000000,9812.75
"4318",43170000000000,9812.75
"4319",43180000000000,9812.75
"4320",43190000000000,9812.75
"4321",43200000000000,9812.75
"4322",43210000000000,9812.75
"4323",43220000000000,9812.75
"4324",43230000000000,9812.75
"4325",43240000000000,9812.75
"4326",43250000000000,9812.75
"4327",43260000000000,9812.75
"4328",43270000000000,9812.75
"4329",43280000000000,9812.75
"4330",43290000000000,9812.75
"4331",43300000000000,9812.75
"4332",43310000000000,9812.75
"4333",43320000000000,9812.75
"4334",43330000000000,9812.75
"4335",43340000000000,9812.75
"4336",43350000000000,9812.75
"4337",43360000000000,9812.75
"4338",43370000000000,9812.75
"4339",43380000000000,9812.75
"4340",43390000000000,9812.75
"4341",43400000000000,9812.75
"4342",43410000000000,9812.75
"4343",43420000000000,9812.75
"4344",43430000000000,9812.75
"4345",43440000000000,9812.75
"4346",43450000000000,9812.5
"4347",43460000000000,9812.5
"4348",43470000000000,9812.5
"4349",43480000000000,9812.5
"4350",43490000000000,9812.25
"4351",43500000000000,9812.25
"4352",43510000000000,9812.25
"4353",43520000000000,9812.25
"4354",43530000000000,9812.25
"4355",43540000000000,9812.25
"4356",43550000000000,9812.25
"4357",43560000000000,9812.75
"4358",43570000000000,9812.75
"4359",43580000000000,9812.75
"4360",43590000000000,9812.75
"4361",43600000000000,9812.75
"4362",43610000000000,9812.75
"4363",43620000000000,9812.25
"4364",43630000000000,9812.5
"4365",43640000000000,9812.25
"4366",43650000000000,9812.25
"4367",43660000000000,9812.25
"4368",43670000000000,9812.25
"4369",43680000000000,9812.25
"4370",43690000000000,9812.75
"4371",43700000000000,9812.75
"4372",43710000000000,9812.75
"4373",43720000000000,9812.75
"4374",43730000000000,9812.75
"4375",43740000000000,9812.75
"4376",43750000000000,9812.75
"4377",43760000000000,9812.75
"4378",43770000000000,9812.75
"4379",43780000000000,9812.75
"4380",43790000000000,9812.75
"4381",43800000000000,9812.75
"4382",43810000000000,9812.75
"4383",43820000000000,9812.75
"4384",43830000000000,9812.75
"4385",43840000000000,9812.75
"4386",43850000000000,9812.75
"4387",43860000000000,9812.75
"4388",43870000000000,9812.75
"4389",43880000000000,9812.75
"4390",43890000000000,9812.75
"4391",43900000000000,9812.75
"4392",43910000000000,9812.75
"4393",43920000000000,9812.75
"4394",43930000000000,9812.75
"4395",43940000000000,9812.75
"4396",43950000000000,9812.75
"4397",43960000000000,9812.75
"4398",43970000000000,9812.75
"4399",43980000000000,9812.75
"4400",43990000000000,9812.75
"4401",44000000000000,9812.75
"4402",44010000000000,9812.75
"4403",44020000000000,9812.75
"4404",44030000000000,9812.75
"4405",44040000000000,9812.75
"4406",44050000000000,9812.75
"4407",44060000000000,9812.75
"4408",44070000000000,9812.75
"4409",44080000000000,9812.75
"4410",44090000000000,9812.75
"4411",44100000000000,9812.75
"4412",44110000000000,9812.75
"4413",44120000000000,9812.75
"4414",44130000000000,9812.75
"4415",44140000000000,9812.75
"4416",44150000000000,9812.75
"4417",44160000000000,9812.75
"4418",44170000000000,9812.75
"4419",44180000000000,9812.75
"4420",44190000000000,9812.75
"4421",44200000000000,9812.75
"4422",44210000000000,9812.75
"4423",44220000000000,9812.75
"4424",44230000000000,9812.75
"4425",44240000000000,9812.75
"4426",44250000000000,9812.75
"4427",44260000000000,9812.75
"4428",44270000000000,9812.75
"4429",44280000000000,9812.75
"4430",44290000000000,9812.75
"4431",44300000000000,9812.75
"4432",44310000000000,9812.75
"4433",44320000000000,9812.75
"4434",44330000000000,9812.75
"4435",44340000000000,9812.75
"4436",44350000000000,9812.75
"4437",44360000000000,9812.75
"4438",44370000000000,9812.75
"4439",44380000000000,9812.75
"4440",44390000000000,9812.75
"4441",44400000000000,9812.75
"4442",44410000000000,9812.75
"4443",44420000000000,9812.75
"4444",44430000000000,9812.75
"4445",44440000000000,9812.75
"4446",44450000000000,9812.75
"4447",44460000000000,9812.75
"4448",44470000000000,9812.75
"4449",44480000000000,9812.75
"4450",44490000000000,9812.75
"4451",44500000000000,9812.75
"4452",44510000000000,9812.75
"4453",44520000000000,9812.75
"4454",44530000000000,9812.75
"4455",44540000000000,9812.75
"4456",44550000000000,9812.75
"4457",44560000000000,9812.75
"4458",44570000000000,9812.75
"4459",44580000000000,9812.75
"4460",44590000000000,9812.75
"4461",44600000000000,9812.75
"4462",44610000000000,9812.75
"4463",44620000000000,9812.75
"4464",44630000000000,9812.75
"4465",44640000000000,9812.75
"4466",44650000000000,9812.75
"4467",44660000000000,9812.75
"4468",44670000000000,9812.75
"4469",44680000000000,9812.75
"4470",44690000000000,9812.75
"4471",44700000000000,9812.75
"4472",44710000000000,9812.75
"4473",44720000000000,9812.75
"4474",44730000000000,9812.75
"4475",44740000000000,9812.75
"4476",44750000000000,9812.75
"4477",44760000000000,9812.75
"4478",44770000000000,9812.75
"4479",44780000000000,9812.75
"4480",44790000000000,9812.75
"4481",44800000000000,9812.75
"4482",44810000000000,9812.75
"4483",44820000000000,9812.75
"4484",44830000000000,9812.75
"4485",44840000000000,9812.75
"4486",44850000000000,9812.75
"4487",44860000000000,9812.75
"4488",44870000000000,9812.75
"4489",44880000000000,9812.75
"4490",44890000000000,9812.75
"4491",44900000000000,9812.75
"4492",44910000000000,9812.75
"4493",44920000000000,9812.75
"4494",44930000000000,9812.75
"4495",44940000000000,9812.75
"4496",44950000000000,9812.75
"4497",44960000000000,9812.75
"4498",44970000000000,9812.75
"4499",44980000000000,9812.75
"4500",44990000000000,9812.75
"4501",45000000000000,9812.75
"4502",45010000000000,9812.75
"4503",45020000000000,9812.75
"4504",45030000000000,9812.75
"4505",45040000000000,9812.75
"4506",45050000000000,9812.75
"4507",45060000000000,9812.75
"4508",45070000000000,9812.75
"4509",45080000000000,9812.75
"4510",45090000000000,9812.75
"4511",45100000000000,9812.75
"4512",45110000000000,9812.75
"4513",45120000000000,9812.75
"4514",45130000000000,9812.75
"4515",45140000000000,9812.75
"4516",45150000000000,9812.75
"4517",45160000000000,9812.75
"4518",45170000000000,9812.75
"4519",45180000000000,9812.75
"4520",45190000000000,9812.75
"4521",45200000000000,9812.75
"4522",45210000000000,9812.5
"4523",45220000000000,9812.5
"4524",45230000000000,9812.5
"4525",45240000000000,9812.5
"4526",45250000000000,9812.25
"4527",45260000000000,9812.25
"4528",45270000000000,9812.25
"4529",45280000000000,9812.25
"4530",45290000000000,9812.25
"4531",45300000000000,9812.25
"4532",45310000000000,9812.25
"4533",45320000000000,9812.25
"4534",45330000000000,9812.25
"4535",45340000000000,9812.25
"4536",45350000000000,9812.25
"4537",45360000000000,9812.25
"4538",45370000000000,9812.25
"4539",45380000000000,9812.25
"4540",45390000000000,9812.25
"4541",45400000000000,9812.25
"4542",45410000000000,9812.25
"4543",45420000000000,9812.25
"4544",45430000000000,9812.25
"4545",45440000000000,9812.25
"4546",45450000000000,9812.25
"4547",45460000000000,9812.25
"4548",45470000000000,9812.25
"4549",45480000000000,9812.25
"4550",45490000000000,9812.25
"4551",45500000000000,9812.25
"4552",45510000000000,9812.25
"4553",45520000000000,9812.25
"4554",45530000000000,9812.25
"4555",45540000000000,9812.25
"4556",45550000000000,9812.25
"4557",45560000000000,9812.25
"4558",45570000000000,9812.25
"4559",45580000000000,9812.25
"4560",45590000000000,9812.25
"4561",45600000000000,9812.25
"4562",45610000000000,9812.25
"4563",45620000000000,9812.25
"4564",45630000000000,9812.25
"4565",45640000000000,9812.25
"4566",45650000000000,9812.25
"4567",45660000000000,9812.25
"4568",45670000000000,9812.25
"4569",45680000000000,9812.25
"4570",45690000000000,9812.25
"4571",45700000000000,9812.25
"4572",45710000000000,9812.25
"4573",45720000000000,9812.25
"4574",45730000000000,9812.25
"4575",45740000000000,9812.25
"4576",45750000000000,9812.25
"4577",45760000000000,9812.25
"4578",45770000000000,9812.25
"4579",45780000000000,9812.25
"4580",45790000000000,9812.25
"4581",45800000000000,9812.25
"4582",45810000000000,9812.25
"4583",45820000000000,9812.25
"4584",45830000000000,9812.25
"4585",45840000000000,9812.25
"4586",45850000000000,9812.25
"4587",45860000000000,9812.25
"4588",45870000000000,9812.25
"4589",45880000000000,9812.25
"4590",45890000000000,9812.25
"4591",45900000000000,9812.25
"4592",45910000000000,9812.25
"4593",45920000000000,9812.25
"4594",45930000000000,9812.25
"4595",45940000000000,9812.25
"4596",45950000000000,9812.25
"4597",45960000000000,9812.25
"4598",45970000000000,9812.25
"4599",45980000000000,9812.25
"4600",45990000000000,9812.25
"4601",46000000000000,9812.25
"4602",46010000000000,9812.25
"4603",46020000000000,9812.25
"4604",46030000000000,9812.25
"4605",46040000000000,9812.25
"4606",46050000000000,9812.25
"4607",46060000000000,9812.25
"4608",46070000000000,9812.25
"4609",46080000000000,9812.75
"4610",46090000000000,9812.75
"4611",46100000000000,9812.75
"4612",46110000000000,9812.75
"4613",46120000000000,9812.75
"4614",46130000000000,9812.75
"4615",46140000000000,9812.75
"4616",46150000000000,9812.75
"4617",46160000000000,9812.75
"4618",46170000000000,9812.75
"4619",46180000000000,9812.75
"4620",46190000000000,9812.75
"4621",46200000000000,9812.75
"4622",46210000000000,9812.75
"4623",46220000000000,9812.75
"4624",46230000000000,9812.75
"4625",46240000000000,9812.75
"4626",46250000000000,9812.75
"4627",46260000000000,9812.75
"4628",46270000000000,9812.75
"4629",46280000000000,9812.75
"4630",46290000000000,9812.75
"4631",46300000000000,9812.75
"4632",46310000000000,9812.75
"4633",46320000000000,9812.75
"4634",46330000000000,9812.75
"4635",46340000000000,9812.75
"4636",46350000000000,9812.75
"4637",46360000000000,9812.75
"4638",46370000000000,9812.75
"4639",46380000000000,9812.75
"4640",46390000000000,9812.75
"4641",46400000000000,9812.75
"4642",46410000000000,9812.75
"4643",46420000000000,9812.75
"4644",46430000000000,9812.75
"4645",46440000000000,9812.75
"4646",46450000000000,9812.75
"4647",46460000000000,9812.75
"4648",46470000000000,9812.75
"4649",46480000000000,9812.75
"4650",46490000000000,9812.75
"4651",46500000000000,9812.75
"4652",46510000000000,9812.75
"4653",46520000000000,9812.75
"4654",46530000000000,9812.75
"4655",46540000000000,9812.75
"4656",46550000000000,9812.75
"4657",46560000000000,9812.75
"4658",46570000000000,9812.75
"4659",46580000000000,9812.75
"4660",46590000000000,9812.75
"4661",46600000000000,9812.75
"4662",46610000000000,9812.75
"4663",46620000000000,9812.75
"4664",46630000000000,9812.75
"4665",46640000000000,9812.75
"4666",46650000000000,9812.75
"4667",46660000000000,9812.75
"4668",46670000000000,9812.75
"4669",46680000000000,9812.75
"4670",46690000000000,9812.75
"4671",46700000000000,9812.75
"4672",46710000000000,9812.75
"4673",46720000000000,9812.75
"4674",46730000000000,9812.75
"4675",46740000000000,9812.75
"4676",46750000000000,9812.75
"4677",46760000000000,9812.75
"4678",46770000000000,9812.75
"4679",46780000000000,9812.75
"4680",46790000000000,9812.75
"4681",46800000000000,9812.75
"4682",46810000000000,9812.75
"4683",46820000000000,9812.75
"4684",46830000000000,9812.75
"4685",46840000000000,9812.75
"4686",46850000000000,9812.75
"4687",46860000000000,9812.75
"4688",46870000000000,9812.75
"4689",46880000000000,9812.75
"4690",46890000000000,9812.75
"4691",46900000000000,9812.75
"4692",46910000000000,9812.75
"4693",46920000000000,9812.75
"4694",46930000000000,9812.75
"4695",46940000000000,9812.75
"4696",46950000000000,9812.75
"4697",46960000000000,9812.75
"4698",46970000000000,9812.75
"4699",46980000000000,9812.75
"4700",46990000000000,9812.75
"4701",47000000000000,9812.75
"4702",47010000000000,9812.75
"4703",47020000000000,9812.75
"4704",47030000000000,9812.75
"4705",47040000000000,9812.75
"4706",47050000000000,9812.75
"4707",47060000000000,9812.75
"4708",47070000000000,9812.75
"4709",47080000000000,9812.75
"4710",47090000000000,9812.75
"4711",47100000000000,9812.75
"4712",47110000000000,9812.75
"4713",47120000000000,9812.75
"4714",47130000000000,9812.75
"4715",47140000000000,9812.75
"4716",47150000000000,9812.75
"4717",47160000000000,9812.75
"4718",47170000000000,9812.75
"4719",47180000000000,9812.75
"4720",47190000000000,9812.75
"4721",47200000000000,9812.75
"4722",47210000000000,9812.75
"4723",47220000000000,9812.75
"4724",47230000000000,9812.75
"4725",47240000000000,9812.75
"4726",47250000000000,9812.75
"4727",47260000000000,9812.75
"4728",47270000000000,9812.75
"4729",47280000000000,9812.75
"4730",47290000000000,9812.75
"4731",47300000000000,9812.75
"4732",47310000000000,9812.75
"4733",47320000000000,9812.75
"4734",47330000000000,9812.75
"4735",47340000000000,9812.75
"4736",47350000000000,9812.75
"4737",47360000000000,9812.75
"4738",47370000000000,9812.75
"4739",47380000000000,9812.75
"4740",47390000000000,9812.75
"4741",47400000000000,9812.75
"4742",47410000000000,9812.75
"4743",47420000000000,9812.75
"4744",47430000000000,9812.75
"4745",47440000000000,9812.75
"4746",47450000000000,9812.75
"4747",47460000000000,9812.75
"4748",47470000000000,9812.75
"4749",47480000000000,9812.75
"4750",47490000000000,9812.75
"4751",47500000000000,9812.75
"4752",47510000000000,9812.75
"4753",47520000000000,9812.75
"4754",47530000000000,9812.75
"4755",47540000000000,9812.75
"4756",47550000000000,9812.75
"4757",47560000000000,9812.75
"4758",47570000000000,9812.75
"4759",47580000000000,9812.75
"4760",47590000000000,9812.75
"4761",47600000000000,9812.75
"4762",47610000000000,9812.75
"4763",47620000000000,9812.75
"4764",47630000000000,9812.75
"4765",47640000000000,9812.75
"4766",47650000000000,9812.75
"4767",47660000000000,9812.75
"4768",47670000000000,9812.25
"4769",47680000000000,9812.25
"4770",47690000000000,9812.25
"4771",47700000000000,9812.25
"4772",47710000000000,9812.25
"4773",47720000000000,9812.25
"4774",47730000000000,9812.25
"4775",47740000000000,9812.75
"4776",47750000000000,9812.75
"4777",47760000000000,9812.75
"4778",47770000000000,9812.75
"4779",47780000000000,9812.75
"4780",47790000000000,9812.75
"4781",47800000000000,9812.75
"4782",47810000000000,9812.75
"4783",47820000000000,9812.75
"4784",47830000000000,9812.75
"4785",47840000000000,9812.75
"4786",47850000000000,9812.75
"4787",47860000000000,9812.75
"4788",47870000000000,9812.75
"4789",47880000000000,9812.75
"4790",47890000000000,9812.75
"4791",47900000000000,9812.25
"4792",47910000000000,9812.25
"4793",47920000000000,9812.25
"4794",47930000000000,9812.75
"4795",47940000000000,9812.75
"4796",47950000000000,9812.75
"4797",47960000000000,9812.75
"4798",47970000000000,9812.75
"4799",47980000000000,9812.75
"4800",47990000000000,9812.75
"4801",48000000000000,9812.75
"4802",48010000000000,9812.75
"4803",48020000000000,9812.75
"4804",48030000000000,9812.75
"4805",48040000000000,9812.75
"4806",48050000000000,9812.75
"4807",48060000000000,9812.75
"4808",48070000000000,9812.75
"4809",48080000000000,9812.75
"4810",48090000000000,9812.75
"4811",48100000000000,9812.75
"4812",48110000000000,9812.75
"4813",48120000000000,9812.75
"4814",48130000000000,9812.75
"4815",48140000000000,9812.75
"4816",48150000000000,9812.75
"4817",48160000000000,9812.75
"4818",48170000000000,9812.75
"4819",48180000000000,9812.75
"4820",48190000000000,9812.75
"4821",48200000000000,9812.75
"4822",48210000000000,9812.75
"4823",48220000000000,9812.75
"4824",48230000000000,9812.75
"4825",48240000000000,9812.75
"4826",48250000000000,9812.75
"4827",48260000000000,9812.75
"4828",48270000000000,9812.75
"4829",48280000000000,9812.75
"4830",48290000000000,9812.75
"4831",48300000000000,9812.75
"4832",48310000000000,9812.75
"4833",48320000000000,9812.75
"4834",48330000000000,9812.75
"4835",48340000000000,9812.75
"4836",48350000000000,9812.75
"4837",48360000000000,9812.75
"4838",48370000000000,9812.75
"4839",48380000000000,9812.75
"4840",48390000000000,9812.75
"4841",48400000000000,9812.75
"4842",48410000000000,9812.75
"4843",48420000000000,9812.75
"4844",48430000000000,9812.75
"4845",48440000000000,9812.75
"4846",48450000000000,9812.75
"4847",48460000000000,9812.75
"4848",48470000000000,9812.75
"4849",48480000000000,9812.75
"4850",48490000000000,9812.75
"4851",48500000000000,9812.75
"4852",48510000000000,9812.75
"4853",48520000000000,9812.75
"4854",48530000000000,9812.75
"4855",48540000000000,9812.75
"4856",48550000000000,9812.75
"4857",48560000000000,9812.75
"4858",48570000000000,9812.75
"4859",48580000000000,9812.75
"4860",48590000000000,9812.75
"4861",48600000000000,9812.75
"4862",48610000000000,9812.75
"4863",48620000000000,9812.75
"4864",48630000000000,9812.75
"4865",48640000000000,9812.75
"4866",48650000000000,9812.75
"4867",48660000000000,9812.75
"4868",48670000000000,9812.75
"4869",48680000000000,9812.75
"4870",48690000000000,9812.25
"4871",48700000000000,9812.25
"4872",48710000000000,9812.25
"4873",48720000000000,9812.25
"4874",48730000000000,9812.25
"4875",48740000000000,9812.25
"4876",48750000000000,9812.75
"4877",48760000000000,9812.75
"4878",48770000000000,9812.75
"4879",48780000000000,9812.75
"4880",48790000000000,9812.75
"4881",48800000000000,9812.75
"4882",48810000000000,9812.75
"4883",48820000000000,9812.75
"4884",48830000000000,9812.75
"4885",48840000000000,9812.75
"4886",48850000000000,9812.75
"4887",48860000000000,9812.75
"4888",48870000000000,9812.75
"4889",48880000000000,9812.75
"4890",48890000000000,9812.75
"4891",48900000000000,9812.75
"4892",48910000000000,9812.75
"4893",48920000000000,9812.75
"4894",48930000000000,9812.75
"4895",48940000000000,9812.75
"4896",48950000000000,9812.75
"4897",48960000000000,9812.75
"4898",48970000000000,9812.75
"4899",48980000000000,9812.75
"4900",48990000000000,9812.75
"4901",49000000000000,9812.75
"4902",49010000000000,9812.75
"4903",49020000000000,9812.75
"4904",49030000000000,9812.75
"4905",49040000000000,9812.75
"4906",49050000000000,9812.75
"4907",49060000000000,9812.75
"4908",49070000000000,9812.75
"4909",49080000000000,9812.75
"4910",49090000000000,9812.75
"4911",49100000000000,9812.75
"4912",49110000000000,9812.75
"4913",49120000000000,9812.75
"4914",49130000000000,9812.75
"4915",49140000000000,9812.75
"4916",49150000000000,9812.75
"4917",49160000000000,9812.75
"4918",49170000000000,9812.75
"4919",49180000000000,9812.75
"4920",49190000000000,9812.75
"4921",49200000000000,9812.25
"4922",49210000000000,9812.75
"4923",49220000000000,9812.25
"4924",49230000000000,9812.25
"4925",49240000000000,9812.25
"4926",49250000000000,9812.25
"4927",49260000000000,9812.25
"4928",49270000000000,9812.25
"4929",49280000000000,9812.25
"4930",49290000000000,9812.25
"4931",49300000000000,9812.25
"4932",49310000000000,9812.25
"4933",49320000000000,9812.25
"4934",49330000000000,9812.25
"4935",49340000000000,9812.25
"4936",49350000000000,9812.25
"4937",49360000000000,9812.25
"4938",49370000000000,9812.25
"4939",49380000000000,9812.25
"4940",49390000000000,9812.75
"4941",49400000000000,9812.75
"4942",49410000000000,9812.75
"4943",49420000000000,9812.75
"4944",49430000000000,9812.75
"4945",49440000000000,9812.75
"4946",49450000000000,9812.75
"4947",49460000000000,9812.75
"4948",49470000000000,9812.75
"4949",49480000000000,9812.75
"4950",49490000000000,9812.75
"4951",49500000000000,9812.75
"4952",49510000000000,9812.75
"4953",49520000000000,9812.5
"4954",49530000000000,9812.5
"4955",49540000000000,9812.5
"4956",49550000000000,9812.75
"4957",49560000000000,9812.75
"4958",49570000000000,9812.75
"4959",49580000000000,9812.75
"4960",49590000000000,9812.75
"4961",49600000000000,9812.75
"4962",49610000000000,9812.75
"4963",49620000000000,9812.75
"4964",49630000000000,9812.75
"4965",49640000000000,9812.75
"4966",49650000000000,9812.25
"4967",49660000000000,9812.25
"4968",49670000000000,9812.75
"4969",49680000000000,9812.75
"4970",49690000000000,9812.75
"4971",49700000000000,9812.75
"4972",49710000000000,9812.75
"4973",49720000000000,9812.75
"4974",49730000000000,9812.75
"4975",49740000000000,9812.75
"4976",49750000000000,9812.75
"4977",49760000000000,9812.75
"4978",49770000000000,9812.75
"4979",49780000000000,9812.75
"4980",49790000000000,9812.75
"4981",49800000000000,9812.75
"4982",49810000000000,9812.75
"4983",49820000000000,9812.75
"4984",49830000000000,9812.75
"4985",49840000000000,9812.75
"4986",49850000000000,9812.75
"4987",49860000000000,9812.75
"4988",49870000000000,9812.75
"4989",49880000000000,9812.75
"4990",49890000000000,9812.75
"4991",49900000000000,9812.75
"4992",49910000000000,9812.75
"4993",49920000000000,9812.75
"4994",49930000000000,9812.75
"4995",49940000000000,9812.75
"4996",49950000000000,9812.75
"4997",49960000000000,9812.75
"4998",49970000000000,9812.75
"4999",49980000000000,9812.75
"5000",49990000000000,9812.75
"5001",50000000000000,9812.75
"5002",50010000000000,9812.75
"5003",50020000000000,9812.75
"5004",50030000000000,9812.75
"5005",50040000000000,9812.75
"5006",50050000000000,9812.75
"5007",50060000000000,9812.75
"5008",50070000000000,9812.75
"5009",50080000000000,9812.75
"5010",50090000000000,9812.75
"5011",50100000000000,9812.75
"5012",50110000000000,9812.75
"5013",50120000000000,9812.75
"5014",50130000000000,9812.75
"5015",50140000000000,9812.75
"5016",50150000000000,9812.75
"5017",50160000000000,9812.75
"5018",50170000000000,9812.75
"5019",50180000000000,9812.75
"5020",50190000000000,9812.75
"5021",50200000000000,9812.75
"5022",50210000000000,9812.75
"5023",50220000000000,9812.75
"5024",50230000000000,9812.75
"5025",50240000000000,9812.75
"5026",50250000000000,9812.75
"5027",50260000000000,9812.75
"5028",50270000000000,9812.75
"5029",50280000000000,9812.75
"5030",50290000000000,9812.75
"5031",50300000000000,9812.25
"5032",50310000000000,9812.25
"5033",50320000000000,9812.25
"5034",50330000000000,9812.75
"5035",50340000000000,9812.25
"5036",50350000000000,9812.25
"5037",50360000000000,9812.25
"5038",50370000000000,9812.25
"5039",50380000000000,9812.25
"5040",50390000000000,9812.25
"5041",50400000000000,9812.25
"5042",50410000000000,9812.25
"5043",50420000000000,9812.25
"5044",50430000000000,9812.25
"5045",50440000000000,9812.25
"5046",50450000000000,9812.25
"5047",50460000000000,9812.25
"5048",50470000000000,9812.25
"5049",50480000000000,9812.25
"5050",50490000000000,9812.25
"5051",50500000000000,9812.25
"5052",50510000000000,9812.25
"5053",50520000000000,9812.25
"5054",50530000000000,9812.25
"5055",50540000000000,9812.25
"5056",50550000000000,9812.25
"5057",50560000000000,9812.25
"5058",50570000000000,9812.25
"5059",50580000000000,9812.25
"5060",50590000000000,9812.25
"5061",50600000000000,9812.25
"5062",50610000000000,9812.25
"5063",50620000000000,9812.25
"5064",50630000000000,9812.25
"5065",50640000000000,9812.25
"5066",50650000000000,9812.25
"5067",50660000000000,9812.25
"5068",50670000000000,9812.25
"5069",50680000000000,9812.25
"5070",50690000000000,9812.25
"5071",50700000000000,9812.25
"5072",50710000000000,9812.25
"5073",50720000000000,9812.25
"5074",50730000000000,9812.25
"5075",50740000000000,9812.25
"5076",50750000000000,9812.25
"5077",50760000000000,9812.25
"5078",50770000000000,9812.25
"5079",50780000000000,9812.25
"5080",50790000000000,9812.25
"5081",50800000000000,9812.25
"5082",50810000000000,9812.25
"5083",50820000000000,9812.25
"5084",50830000000000,9812.25
"5085",50840000000000,9812.25
"5086",50850000000000,9812.25
"5087",50860000000000,9812.25
"5088",50870000000000,9812.25
"5089",50880000000000,9812.25
"5090",50890000000000,9812.25
"5091",50900000000000,9812.25
"5092",50910000000000,9812.25
"5093",50920000000000,9812.25
"5094",50930000000000,9812.25
"5095",50940000000000,9812.25
"5096",50950000000000,9812.25
"5097",50960000000000,9812.25
"5098",50970000000000,9812.25
"5099",50980000000000,9812.25
"5100",50990000000000,9812.25
"5101",51000000000000,9812.25
"5102",51010000000000,9812.25
"5103",51020000000000,9812.25
"5104",51030000000000,9812.25
"5105",51040000000000,9812.25
"5106",51050000000000,9812.25
"5107",51060000000000,9812.25
"5108",51070000000000,9812.25
"5109",51080000000000,9812.25
"5110",51090000000000,9812.25
"5111",51100000000000,9812.25
"5112",51110000000000,9812.25
"5113",51120000000000,9812.25
"5114",51130000000000,9812.25
"5115",51140000000000,9812.25
"5116",51150000000000,9812.25
"5117",51160000000000,9812.25
"5118",51170000000000,9812.25
"5119",51180000000000,9812.25
"5120",51190000000000,9812.25
"5121",51200000000000,9812.25
"5122",51210000000000,9812.25
"5123",51220000000000,9812.25
"5124",51230000000000,9812.25
"5125",51240000000000,9812.25
"5126",51250000000000,9812.25
"5127",51260000000000,9812.25
"5128",51270000000000,9812.25
"5129",51280000000000,9812.25
"5130",51290000000000,9812.25
"5131",51300000000000,9812.25
"5132",51310000000000,9812.25
"5133",51320000000000,9812.25
"5134",51330000000000,9812.25
"5135",51340000000000,9812.75
"5136",51350000000000,9812.75
"5137",51360000000000,9812.75
"5138",51370000000000,9812.75
"5139",51380000000000,9812.75
"5140",51390000000000,9812.25
"5141",51400000000000,9812.25
"5142",51410000000000,9812.25
"5143",51420000000000,9812.25
"5144",51430000000000,9812.25
"5145",51440000000000,9812.25
"5146",51450000000000,9812.5
"5147",51460000000000,9812.25
"5148",51470000000000,9812.25
"5149",51480000000000,9812.75
"5150",51490000000000,9812.5
"5151",51500000000000,9812.5
"5152",51510000000000,9812.5
"5153",51520000000000,9812.5
"5154",51530000000000,9812.25
"5155",51540000000000,9812.25
"5156",51550000000000,9812.25
"5157",51560000000000,9812.25
"5158",51570000000000,9812.25
"5159",51580000000000,9812.25
"5160",51590000000000,9812.25
"5161",51600000000000,9812.25
"5162",51610000000000,9812.25
"5163",51620000000000,9812.25
"5164",51630000000000,9812.25
"5165",51640000000000,9812.25
"5166",51650000000000,9812.25
"5167",51660000000000,9812.25
"5168",51670000000000,9812.25
"5169",51680000000000,9812.25
"5170",51690000000000,9812.25
"5171",51700000000000,9812.5
"5172",51710000000000,9812.5
"5173",51720000000000,9812.5
"5174",51730000000000,9812.5
"5175",51740000000000,9812.5
"5176",51750000000000,9812.5
"5177",51760000000000,9812.5
"5178",51770000000000,9812.25
"5179",51780000000000,9812.25
"5180",51790000000000,9812.25
"5181",51800000000000,9812.25
"5182",51810000000000,9812.25
"5183",51820000000000,9812.25
"5184",51830000000000,9812.25
"5185",51840000000000,9812.25
"5186",51850000000000,9812.25
"5187",51860000000000,9812.25
"5188",51870000000000,9812.25
"5189",51880000000000,9812.25
"5190",51890000000000,9812.25
"5191",51900000000000,9812.25
"5192",51910000000000,9812.25
"5193",51920000000000,9812.25
"5194",51930000000000,9812.25
"5195",51940000000000,9812.25
"5196",51950000000000,9812.25
"5197",51960000000000,9812.25
"5198",51970000000000,9812.25
"5199",51980000000000,9812.25
"5200",51990000000000,9812.25
"5201",52000000000000,9812.25
"5202",52010000000000,9812.25
"5203",52020000000000,9812.25
"5204",52030000000000,9812.25
"5205",52040000000000,9812.25
"5206",52050000000000,9812.25
"5207",52060000000000,9812.25
"5208",52070000000000,9812.25
"5209",52080000000000,9812.25
"5210",52090000000000,9812.25
"5211",52100000000000,9812.25
"5212",52110000000000,9812.25
"5213",52120000000000,9812.25
"5214",52130000000000,9812.25
"5215",52140000000000,9812.25
"5216",52150000000000,9812.25
"5217",52160000000000,9812.25
"5218",52170000000000,9812.25
"5219",52180000000000,9812.25
"5220",52190000000000,9812.25
"5221",52200000000000,9812.25
"5222",52210000000000,9812.25
"5223",52220000000000,9812.25
"5224",52230000000000,9812.25
"5225",52240000000000,9812.25
"5226",52250000000000,9812.25
"5227",52260000000000,9812.25
"5228",52270000000000,9812.25
"5229",52280000000000,9812.25
"5230",52290000000000,9812.25
"5231",52300000000000,9812.75
"5232",52310000000000,9812.25
"5233",52320000000000,9812.75
"5234",52330000000000,9812.75
"5235",52340000000000,9812.75
"5236",52350000000000,9812.75
"5237",52360000000000,9812.75
"5238",52370000000000,9812.75
"5239",52380000000000,9812.75
"5240",52390000000000,9812.75
"5241",52400000000000,9812.75
"5242",52410000000000,9812.75
"5243",52420000000000,9812.75
"5244",52430000000000,9812.75
"5245",52440000000000,9812.75
"5246",52450000000000,9812.75
"5247",52460000000000,9812.75
"5248",52470000000000,9812.75
"5249",52480000000000,9812.75
"5250",52490000000000,9812.75
"5251",52500000000000,9812.75
"5252",52510000000000,9812.75
"5253",52520000000000,9812.75
"5254",52530000000000,9812.75
"5255",52540000000000,9812.75
"5256",52550000000000,9812.75
"5257",52560000000000,9812.75
"5258",52570000000000,9812.75
"5259",52580000000000,9812.75
"5260",52590000000000,9812.75
"5261",52600000000000,9812.75
"5262",52610000000000,9812.75
"5263",52620000000000,9812.75
"5264",52630000000000,9812.75
"5265",52640000000000,9812.75
"5266",52650000000000,9812.75
"5267",52660000000000,9812.75
"5268",52670000000000,9812.75
"5269",52680000000000,9812.75
"5270",52690000000000,9812.75
"5271",52700000000000,9812.75
"5272",52710000000000,9812.75
"5273",52720000000000,9812.75
"5274",52730000000000,9812.75
"5275",52740000000000,9812.75
"5276",52750000000000,9812.75
"5277",52760000000000,9812.75
"5278",52770000000000,9812.75
"5279",52780000000000,9812.75
"5280",52790000000000,9812.75
"5281",52800000000000,9812.75
"5282",52810000000000,9812.75
"5283",52820000000000,9812.75
"5284",52830000000000,9812.75
"5285",52840000000000,9812.75
"5286",52850000000000,9812.75
"5287",52860000000000,9812.75
"5288",52870000000000,9812.75
"5289",52880000000000,9812.75
"5290",52890000000000,9812.75
"5291",52900000000000,9812.75
"5292",52910000000000,9812.75
"5293",52920000000000,9812.75
"5294",52930000000000,9812.75
"5295",52940000000000,9812.75
"5296",52950000000000,9812.75
"5297",52960000000000,9812.75
"5298",52970000000000,9812.75
"5299",52980000000000,9812.75
"5300",52990000000000,9812.75
"5301",53000000000000,9812.75
"5302",53010000000000,9812.75
"5303",53020000000000,9812.75
"5304",53030000000000,9812.75
"5305",53040000000000,9812.75
"5306",53050000000000,9812.75
"5307",53060000000000,9812.75
"5308",53070000000000,9812.75
"5309",53080000000000,9812.75
"5310",53090000000000,9812.75
"5311",53100000000000,9812.75
"5312",53110000000000,9812.75
"5313",53120000000000,9812.75
"5314",53130000000000,9812.75
"5315",53140000000000,9812.75
"5316",53150000000000,9812.75
"5317",53160000000000,9812.75
"5318",53170000000000,9812.75
"5319",53180000000000,9812.75
"5320",53190000000000,9812.75
"5321",53200000000000,9812.75
"5322",53210000000000,9812.75
"5323",53220000000000,9812.75
"5324",53230000000000,9812.75
"5325",53240000000000,9812.75
"5326",53250000000000,9812.75
"5327",53260000000000,9812.75
"5328",53270000000000,9812.75
"5329",53280000000000,9812.75
"5330",53290000000000,9812.75
"5331",53300000000000,9812.75
"5332",53310000000000,9812.75
"5333",53320000000000,9812.75
"5334",53330000000000,9812.75
"5335",53340000000000,9812.75
"5336",53350000000000,9812.75
"5337",53360000000000,9812.75
"5338",53370000000000,9812.75
"5339",53380000000000,9812.75
"5340",53390000000000,9812.75
"5341",53400000000000,9812.75
"5342",53410000000000,9812.75
"5343",53420000000000,9812.75
"5344",53430000000000,9812.75
"5345",53440000000000,9812.75
"5346",53450000000000,9812.75
"5347",53460000000000,9812.75
"5348",53470000000000,9812.75
"5349",53480000000000,9812.75
"5350",53490000000000,9812.75
"5351",53500000000000,9812.75
"5352",53510000000000,9812.75
"5353",53520000000000,9812.75
"5354",53530000000000,9812.75
"5355",53540000000000,9812.75
"5356",53550000000000,9812.75
"5357",53560000000000,9812.75
"5358",53570000000000,9812.75
"5359",53580000000000,9812.75
"5360",53590000000000,9812.75
"5361",53600000000000,9812.75
"5362",53610000000000,9812.75
"5363",53620000000000,9812.75
"5364",53630000000000,9812.75
"5365",53640000000000,9812.75
"5366",53650000000000,9812.25
"5367",53660000000000,9812.25
"5368",53670000000000,9812.25
"5369",53680000000000,9812.25
"5370",53690000000000,9812.75
"5371",53700000000000,9812.75
"5372",53710000000000,9812.75
"5373",53720000000000,9812.75
"5374",53730000000000,9812.75
"5375",53740000000000,9812.75
"5376",53750000000000,9812.75
"5377",53760000000000,9812.75
"5378",53770000000000,9812.75
"5379",53780000000000,9812.75
"5380",53790000000000,9812.75
"5381",53800000000000,9812.75
"5382",53810000000000,9812.75
"5383",53820000000000,9812.75
"5384",53830000000000,9812.75
"5385",53840000000000,9812.75
"5386",53850000000000,9812.75
"5387",53860000000000,9812.75
"5388",53870000000000,9812.75
"5389",53880000000000,9812.75
"5390",53890000000000,9812.75
"5391",53900000000000,9812.75
"5392",53910000000000,9812.75
"5393",53920000000000,9812.75
"5394",53930000000000,9812.75
"5395",53940000000000,9812.75
"5396",53950000000000,9812.75
"5397",53960000000000,9812.75
"5398",53970000000000,9812.75
"5399",53980000000000,9812.75
"5400",53990000000000,9812.75
