"","x"
"1",-0.0708741278613161
"2",-0.070626743216053
"3",-0.0703810494942445
"4",-0.0701370858187147
"5",-0.0698948331701104
"6",-0.0696541911856912
"7",-0.0694151698789938
"8",-0.0691779235348804
"9",-0.0689422376017319
"10",-0.068708178396264
"11",-0.0684757025301224
"12",-0.0682448763709544
"13",-0.0680155444970296
"14",-0.0677878637179674
"15",-0.0675615602813195
"16",-0.0673368172119808
"17",-0.0671136760392983
"18",-0.0668918427254539
"19",-0.0666716357918631
"20",-0.0664527938897663
"21",-0.0662354380438046
"22",-0.0660195002001274
"23",-0.0658048824934667
"24",-0.0655917412059353
"25",-0.0653799449974031
"26",-0.0651695947435655
"27",-0.0649605148373666
"28",-0.0647528790304932
"29",-0.0645464622903091
"30",-0.0643413553152641
"31",-0.0641375791474275
"32",-0.0639350636829477
"33",-0.0637339042878011
"34",-0.0635339829441364
"35",-0.0633353373723367
"36",-0.0631379351525538
"37",-0.0629417582695169
"38",-0.0627467985959811
"39",-0.0625529697608727
"40",-0.0623603630301659
"41",-0.0621689920790232
"42",-0.061978872079635
"43",-0.0617898348173185
"44",-0.0616020267552813
"45",-0.0614153351925779
"46",-0.0612296977014921
"47",-0.0610451813899999
"48",-0.0608618301102979
"49",-0.0606796298761765
"50",-0.0604984945166507
"51",-0.0603183905768674
"52",-0.060139485525724
"53",-0.0599615194150829
"54",-0.0597846320961253
"55",-0.0596088377460546
"56",-0.059434030608827
"57",-0.0592602960550721
"58",-0.0590875057459925
"59",-0.0589157720241928
"60",-0.0587449947415735
"61",-0.0585753027753526
"62",-0.0584064499762462
"63",-0.0582386922051228
"64",-0.0580718286855699
"65",-0.0579059223855438
"66",-0.0577410167661583
"67",-0.0575770498890051
"68",-0.0574139705913694
"69",-0.0572517673426773
"70",-0.0570905574495555
"71",-0.0569302145067923
"72",-0.0567708471007791
"73",-0.0566122768013884
"74",-0.0564546910773061
"75",-0.0562979144888232
"76",-0.056142063185689
"77",-0.0559871211098653
"78",-0.0558329451887403
"79",-0.0556796467972163
"80",-0.0555272861638514
"81",-0.0553756476729177
"82",-0.0552248680905905
"83",-0.0550748457135342
"84",-0.0549256668600719
"85",-0.0547773011858226
"86",-0.0546298318768095
"87",-0.0544830493963673
"88",-0.054337107721949
"89",-0.0541918856888515
"90",-0.0540474662993802
"91",-0.0539039083832904
"92",-0.0537610122937622
"93",-0.0536189257109072
"94",-0.0534775017076754
"95",-0.053336946573836
"96",-0.0531970884676412
"97",-0.0530579516635044
"98",-0.0529195511771832
"99",-0.0527818562804896
"100",-0.0526448773271113
"101",-0.0525086429224757
"102",-0.0523730773038551
"103",-0.0522381753744412
"104",-0.0521040197436378
"105",-0.0519706449522346
"106",-0.0518378753131401
"107",-0.0517057909182768
"108",-0.0515743737250887
"109",-0.0514435848217545
"110",-0.051313527928869
"111",-0.0511840521648992
"112",-0.0510552611758612
"113",-0.0509271475129935
"114",-0.036807226964811
"115",-0.0365881123743748
"116",-0.0505156805629667
"117",-0.0503909209892299
"118",-0.0502669263678399
"119",-0.167555744783385
"120",-0.0496765533225698
"121",-0.0495552989341377
"122",-0.0494346039358788
"123",-0.0345624430883618
"124",-0.166357107562362
"125",-0.0336731037587015
"126",-0.0334802786564978
"127",-0.0332895814335643
"128",-0.0331012257502152
"129",-0.0329148908440402
"130",-0.0327307069237577
"131",-0.0325484463501198
"132",-0.0323683498954779
"133",-0.0321900823873875
"134",-0.0320138309180038
"135",-0.031839522993323
"136",-0.0316671348336968
"137",-0.0314964852823323
"138",-0.0313277709792601
"139",-0.0311608354331838
"140",-0.0309956390265143
"141",-0.0308322704513557
"142",-0.0306705316088483
"143",0.0780337302003318
"144",-0.0308055413952388
"145",-0.0306459598250512
"146",-0.0304880800522369
"147",-0.0303318722071708
"148",-0.0301772284583421
"149",-0.0300241326112882
"150",-0.0298725576212746
"151",-0.0297225874419382
"152",-0.0295740624969767
"153",-0.0294270160193264
"154",-0.0292814589502086
"155",-0.0291373115414899
"156",-0.0289945782551513
"157",-0.0288533207494766
"158",-0.0287133861056645
"159",-0.0285747836642258
"160",-0.0284374341499642
"161",-0.0283014847136656
"162",-0.0281667475082941
"163",-0.0280334560993651
"164",-0.0279013756062341
"165",-0.027770406268246
"166",-0.0276407140172523
"167",-0.0275122172115516
"168",-0.0273849157565564
"169",-0.027258836569672
"170",-0.0271337956401112
"171",-0.0270099757599382
"172",-0.0268873407858337
"173",-0.0267657416025031
"174",-0.0266453304921015
"175",-0.0265258961499057
"176",-0.026407525763716
"177",-0.0262902030135592
"178",-0.0261739578108973
"179",-0.026058665203891
"180",-0.00826834051258629
"181",-0.123185572318107
"182",-0.11487023429072
"183",0.116506973756259
"184",-0.132471001528756
"185",-0.114233741898715
"186",-0.00678348772453319
"187",0.00199832234466157
"188",-0.130810335338538
"189",-0.129839886738409
"190",0.102024949119368
"191",0.0834008368165087
"192",-0.163740622272599
"193",-0.160978817952127
"194",-0.158309081722109
"195",0.0740979313904973
"196",-0.0419967162561079
"197",0.0572355434978817
"198",0.0557443876441539
"199",0.054328725218511
"200",-0.175347314630926
"201",-0.171894640772734
"202",-0.168575805999353
"203",0.0647462792094302
"204",0.0632682888845011
"205",0.0774861034587957
"206",0.0762126968984376
"207",0.0749804051101819
"208",-0.0413649599904602
"209",0.074436367414819
"210",0.0732866836879111
"211",0.0721718291533762
"212",0.0710904736461089
"213",0.0700410663393995
"214",0.0690223250076087
"215",0.0680326483852696
"216",-0.179180997287403
"217",0.0698331282455911
"218",0.0688744636790943
"219",-0.0470214880515414
"220",-0.161826591740464
"221",-0.160151091598891
"222",-0.15851016032866
"223",0.0906458606732485
"224",0.0898172910838184
"225",0.0890038331599499
"226",0.0882049524516333
"227",0.0874202014765615
"228",0.0866494119291019
"229",0.0858919807687926
"230",0.0851476992957032
"231",0.0844163268684497
"232",0.0836973904370097
"233",-0.0323313568187586
"234",-0.147694795354255
"235",-0.146778531978271
"236",0.0854952162608242
"237",-0.163019248886485
"238",0.0862729177461006
"239",-0.162273689742506
"240",-0.160846035136274
"241",0.0884468923122768
"242",0.0877508462399419
"243",0.0870657684445177
"244",0.069446080691705
"245",0.0686970273600309
"246",-0.162846293496841
"247",-0.161500000785963
"248",-0.160175951417841
"249",-0.158873412958201
"250",-0.15759196007275
"251",-0.156331100848547
"252",-0.155090342621406
"253",-0.153869216117528
"254",-0.152667215434121
"255",0.0815261515181191
"256",0.0807247589946201
"257",0.0799390002339351
"258",0.0791683105562697
"259",0.0784124897818401
"260",-0.0461284859356965
"261",-0.169391844849088
"262",-0.16769019019921
"263",-0.166022494073331
"264",-0.164387642435031
"265",-0.162784862744957
"266",-0.161213003120793
"267",0.0739118172405142
"268",0.0730477216602594
"269",0.0722034853206424
"270",0.0713786502947187
"271",0.07057247010016
"272",0.0697843142061174
"273",0.069013495625768
"274",0.0682595565740485
"275",0.0675218972755829
"276",0.0668000240566471
"277",0.0660935176601924
"278",0.065401776573708
"279",0.0647243041930778
"280",0.0640607477489539
"281",0.063410598806513
"282",0.0627736216938501
"283",0.0621493456674216
"284",0.0615373930504575
"285",0.0609373055285687
"286",0.060348817762133
"287",0.0597715197363868
"288",0.059205246887359
"289",-0.0572636581400729
"290",-0.172945785037882
"291",-0.171654571548061
"292",-0.170382515660094
"293",-0.169129293533842
"294",-0.0513184701558203
"295",0.065508757961652
"296",0.0649268105771625
"297",0.0643552085803094
"298",-0.0525304891652922
"299",-0.168674224776623
"300",-0.0508525860204827
"301",-0.0504612806253135
"302",-0.0500760361446737
"303",-0.151855255866394
"304",-0.151115870317881
"305",0.0984481346968096
"306",0.0980159920218284
"307",0.0975875865533453
"308",-0.137019358448015
"309",0.0827718733071379
"310",-0.0345767684448219
"311",-0.151411210254082
"312",-0.150701053440571
"313",-0.149997595292007
"314",-0.149300710880198
"315",-0.148610236739842
"316",-0.147926161749638
"317",-0.147248381024838
"318",-0.146576795834335
"319",0.102995878505681
"320",-0.0219091202598065
"321",-0.146247749511531
"322",0.103329061254044
"323",0.102909313673081
"324",0.102492929367145
"325",0.102079977625181
"326",-0.147267708263826
"327",-0.0291293405316537
"328",0.088377672005663
"329",0.0878857871830405
"330",0.0873993659060943
"331",0.0869182662281673
"332",0.0864424416140537
"333",0.0859718200972566
"334",0.0855063142153085
"335",0.0850458323093335
"336",-0.149744489159275
"337",-0.149120974121615
"338",-0.148502630747316
"339",0.101115936598944
"340",0.100737398661295
"341",0.100361678078116
"342",0.0999887560319621
"343",0.0996185841850092
"344",-0.135428176261485
"345",-0.135056281225843
"346",-0.134686372288343
"347",-0.134318551859906
"348",0.101051674009796
"349",0.100684344435649
"350",0.100319729142939
"351",0.0999576994090603
"352",0.0995982637341513
"353",0.0992413968415349
"354",0.0988871288827795
"355",0.0985353392261459
"356",-0.0190175005791389
"357",0.098251389546931
"358",0.0979054102026566
"359",0.097561853192019
"360",0.0972207169306785
"361",0.0968819502140832
"362",0.0965455309469689
"363",0.096211439851686
"364",0.0958796480881574
"365",0.0955501504704444
"366",0.0952229284957866
"367",0.0948979772747407
"368",0.0945751754788944
"369",0.0942545787911513
"370",0.0939361855143943
"371",0.0936199530769954
"372",0.093305803668045
"373",0.0929937928576692
"374",0.0926838233463059
"375",0.0923759734014311
"376",0.0920700837468758
"377",0.0917662529845984
"378",0.107519231118204
"379",0.107283747143811
"380",0.107049306454428
"381",0.1068158903945
"382",0.106583490405683
"383",0.106352113827597
"384",0.106121712653476
"385",0.1058923200344
"386",0.105663919772269
"387",0.105436474148519
"388",0.105210067215012
"389",0.104984616140428
"390",0.104760089676347
"391",0.104536567525429
"392",0.104313981144514
"393",0.104092361727453
"394",0.103871670256922
"395",0.103651898934913
"396",0.103433086300356
"397",0.103215199611441
"398",-0.146439354713948
"399",-0.021391700633103
"400",-0.0213442742624466
"401",0.10343930509589
"402",-0.0215131019194814
"403",0.103271742622383
"404",0.103057482521763
"405",0.102844116285269
"406",0.10263160627801
"407",0.102420020690261
"408",0.10220929372008
"409",0.101999413120211
"410",0.101790410799367
"411",-0.147870282380609
"412",0.101921364601367
"413",-0.0316027705794113
"414",-0.0229533453148179
"415",0.101839878325336
"416",0.101633971444244
"417",0.10142887375514
"418",0.101224567706595
"419",0.101021128963112
"420",0.100818501570757
"421",0.100616678793813
"422",0.10041568316592
"423",0.100215466049121
"424",0.100016083115406
"425",0.0998175024069496
"426",0.099619673746929
"427",0.0994226526727289
"428",0.0992263871776231
"429",0.0990308768396062
"430",0.0988361441177403
"431",0.0986421989036899
"432",0.0984489792717795
"433",0.0982565669728501
"434",0.0980648736021976
"435",0.0978739481488446
"436",0.0976837759462796
"437",0.0974943242836162
"438",-0.134173018090223
"439",-0.133989737256343
"440",-0.133806944859316
"441",-0.133624666161268
"442",-0.00861368167898036
"443",-0.133432132643065
"444",0.11642968059823
"445",0.116291854297742
"446",0.116154337831176
"447",-0.133664707724165
"448",-0.133484239877362
"449",-0.133304255288749
"450",-0.13312477144791
"451",-0.132945768500576
"452",0.0990860576530395
"453",0.0988980985966919
"454",0.0987108752015047
"455",0.0985243078921485
"456",0.0983384783939982
"457",0.0981533488411515
"458",0.0979689173072984
"459",0.0977851623683819
"460",0.0976021058540937
"461",0.0974197340510727
"462",0.0972380295370385
"463",0.0970570140725613
"464",0.0968766702608264
"465",0.0966970216686605
"466",0.0965180275998136
"467",0.0963396806746459
"468",0.0961619947738654
"469",0.0959849760147335
"470",0.0958085957317962
"471",0.0956328504980775
"472",0.0954577753163903
"473",0.0952833167539211
"474",0.0951095193413494
"475",0.0949363814615936
"476",0.094763827184579
"477",0.0945919104524364
"478",0.094420633637128
"479",0.0942499781540391
"480",0.0940799028721813
"481",0.093910444440553
"482",0.0937416070555628
"483",0.0935734044742276
"484",0.0743908407566778
"485",0.0741913484653196
"486",0.073992901145175
"487",0.0737954905307561
"488",0.0735991108613234
"489",0.0734038146092644
"490",-0.0419016532541718
"491",0.0733157156919333
"492",0.073122618445268
"493",0.0729305767090409
"494",0.072739506356811
"495",0.0725494457856257
"496",0.0723603895930864
"497",0.0721722795933601
"498",-0.158103003146607
"499",-0.157797708723592
"500",0.072727848229988
"501",-0.0425168006568128
"502",-0.157563362772635
"503",-0.0420874115170591
"504",-0.0419938861978153
"505",-0.15709439292732
"506",-0.156795578132005
"507",0.0739459474098112
"508",0.0737583117152099
"509",0.0735716087274341
"510",0.0733858625972061
"511",0.0732010219162476
"512",-0.176310146869582
"513",-0.175824021065637
"514",-0.175340567553576
"515",-0.174859733708217
"516",0.0560590321510972
"517",0.0747878853981092
"518",0.0746031801045319
"519",0.0744193839691434
"520",0.0742365206551767
"521",0.0740545123007905
"522",0.0738734107908385
"523",0.0736931945466495
"524",-0.175834524845413
"525",-0.175364831802653
"526",-0.174897627179234
"527",-0.174432903886554
"528",-0.173970692989315
"529",-0.173510909296965
"530",-0.173053546310257
"531",0.0767626742144785
"532",0.0765797557069163
"533",0.0763976858725073
"534",0.0762164816806035
"535",0.057342007794432
"536",0.0571508397479192
"537",-0.0583061118504702
"538",-0.0581349855929147
"539",-0.057964854326201
"540",-0.0577957207151485
"541",-0.0576276099800452
"542",0.0578829299774952
"543",0.0576940478968027
"544",0.0575063593987579
"545",0.0573199187547289
"546",0.0571346483993693
"547",0.0569505855237367
"548",0.0567677330454899
"549",0.0565860169281223
"550",-0.058831888347413
"551",-0.0586660648841644
"552",-0.0585011680923344
"553",-0.0583371836801234
"554",-0.0581741387868533
"555",0.0572990955897694
"556",-0.0581787724222522
"557",-0.0580175810882793
"558",0.057469802461128
"559",0.0572911359122372
"560",0.0571135468198918
"561",0.0569370439006889
"562",-0.0585143968273769
"563",-0.0583551519266621
"564",-0.0581967752805213
"565",-0.0580392620377097
"566",0.0574502110794128
"567",0.0572756566089083
"568",0.0571021920313797
"569",0.0569297667698265
"570",0.0567583623615064
"571",0.0565880239555554
"572",0.0564186655956291
"573",-0.0589958403506898
"574",-0.0588403077890689
"575",0.05658839222815
"576",-0.17417733781258
"577",0.0756642963842751
"578",0.0755065406046924
"579",0.0753494640848658
"580",0.0751930371607159
"581",0.0750372722977772
"582",0.0748821345259785
"583",0.074727640090714
"584",0.0745737885226845
"585",0.0744205598984991
"586",0.0742679808881803
"587",0.0741160261095501
"588",0.0739646811016428
"589",0.073813976108795
"590",0.0736638734724693
"591",0.0735143802394305
"592",-0.0513761117745162
"593",-0.0512670552689087
"594",-0.175875819804787
"595",-0.175486327434555
"596",-0.175098589566915
"597",-0.17471254904558
"598",-0.174328226250509
"599",-0.173945609994917
"600",-0.173564647331659
"601",0.0576333737608365
"602",-0.173322999131415
"603",-0.172946144019079
"604",-0.172570931914379
"605",-0.172197333258737
"606",-0.0562538285903429
"607",0.0593978249980864
"608",0.0592338210281014
"609",0.059070770343169
"610",0.0589085762585455
"611",0.058747293696797
"612",0.0585868597681838
"613",0.0584273250060505
"614",-0.172662576296716
"615",0.058700443327325
"616",0.0585417808160855
"617",-0.172568173282343
"618",-0.172206879387886
"619",-0.171847094405166
"620",-0.17148878739863
"621",0.0600864257175999
"622",0.059926256957624
"623",0.0597669149010471
"624",0.0596084329899895
"625",0.0594508005378884
"626",0.0592939870421105
"627",0.059138011873074
"628",0.0589828309621225
"629",0.0588284755995119
"630",0.0586749393951322
"631",0.058522180737782
"632",0.058370228847707
"633",0.058219079479386
"634",0.0580686856446846
"635",0.0579190435200871
"636",0.0577701841375529
"637",-0.0577728799726174
"638",-0.0576420116049121
"639",-0.0575117449643585
"640",-0.057382044609767
"641",-0.172758298394911
"642",-0.17241735931384
"643",-0.172077772871489
"644",-0.171739520250412
"645",-0.171402613988903
"646",-0.171067026034507
"647",-0.170732758102531
"648",0.0609833937651274
"649",0.060830962329419
"650",0.0606793325114268
"651",-0.170787287834173
"652",-0.170457348929631
"653",-0.170128671496059
"654",0.0797315891068138
"655",0.0795923264086014
"656",0.0794535669974721
"657",0.0793152793448826
"658",0.0791775005945965
"659",0.0790401872072835
"660",0.0789033277233102
"661",0.0787669894089049
"662",0.0786310896310169
"663",0.0784956592815433
"664",0.0783607020839554
"665",0.0782261976128211
"666",0.0780921720961487
"667",0.0779585961718112
"668",0.0778254736105737
"669",0.077692805109109
"670",0.0775605973431084
"671",0.077428839103959
"672",0.0772974984975008
"673",0.0771666312193702
"674",0.0770361979648442
"675",0.0769062069284701
"676",0.0767766529879736
"677",0.0766475163491123
"678",0.076518861033037
"679",0.0763905908770539
"680",0.076262777149168
"681",0.0761353738162143
"682",0.0760083963741636
"683",0.0758818616759527
"684",0.075755739961096
"685",0.0756300379307504
"686",-0.155396433827264
"687",-0.155203858288587
"688",-0.155011778257176
"689",-0.154820162695614
"690",-0.154629016691615
"691",-0.154438346435199
"692",-0.154248158085466
"693",-0.154058433128739
"694",-0.153869192308775
"695",-0.153680400357189
"696",0.0962138631894049
"697",0.096108374733376
"698",0.0960031167505804
"699",0.0958980852119566
"700",0.0957932938617887
"701",0.0956887141965126
"702",0.0955843821575399
"703",0.0954802748237853
"704",0.0953763903980871
"705",0.0952727359253913
"706",0.0951693062925187
"707",-0.0297964526016585
"708",0.0951004131475202
"709",0.0949975140665629
"710",-0.0299681671694998
"711",-0.15478137014361
"712",-0.0297473759728746
"713",0.0951500165356265
"714",0.0950476407924725
"715",0.0949454786259594
"716",0.0948435326408799
"717",0.0947418316281983
"718",-0.0302238759559259
"719",-0.0301896580731409
"720",0.0947089960482117
"721",-0.0302567647941032
"722",0.0946421837998059
"723",0.0945413393783383
"724",0.0944407229653734
"725",0.0943403392557229
"726",0.0942401476277155
"727",0.0941401873842551
"728",0.0940404169050453
"729",0.0939408646972879
"730",0.0938415203891054
"731",0.093742405932062
"732",0.0936434916529834
"733",0.0935447791471233
"734",0.0934462806326337
"735",0.0933479890700255
"736",0.0932499027530866
"737",0.0931520285485021
"738",0.093054338125512
"739",0.0929568724513956
"740",0.0928596106714394
"741",0.0927625372823968
"742",0.0926656666179042
"743",0.0925689980776951
"744",0.0924725448294339
"745",0.0923762850725325
"746",0.0922802319655602
"747",0.0921843934029312
"748",0.0920887391603173
"749",0.0919932897795661
"750",0.0918980309816106
"751",0.0918029644035414
"752",0.0917080987528607
"753",-0.138877367196983
"754",-0.138774191187622
"755",-0.138671164560947
"756",-0.138568293012213
"757",0.0921241824835306
"758",0.0920294524476049
"759",0.0919349175055686
"760",0.0918405844058725
"761",0.0917464379435842
"762",0.0916524994900101
"763",0.0915587527633761
"764",0.0914651869716181
"765",0.0913718118208635
"766",0.0912786362096085
"767",0.0911856315742625
"768",0.0910928366556618
"769",0.0910002240016183
"770",0.0909078003314789
"771",0.0908155734286993
"772",-0.1395844981962
"773",-0.139482648048215
"774",-0.139380948188773
"775",0.110547741462142
"776",0.110476519635995
"777",0.110405391296808
"778",0.110334347589742
"779",0.110263401407792
"780",0.110192548238047
"781",0.110121783582144
"782",0.11005111596387
"783",0.109980527116932
"784",0.109910035762368
"785",0.109839626451503
"786",0.109769313548895
"787",0.109699097652992
"788",-0.120621677369854
"789",0.109696855459333
"790",0.109626803676292
"791",0.10955685270892
"792",0.109486988701974
"793",0.109417202140321
"794",0.109347501491357
"795",0.109277891671809
"796",0.10920838770835
"797",0.10913895478734
"798",0.109069622347306
"799",0.10900037506326
"800",0.108931217839199
"801",0.10886214196762
"802",0.108793155863168
"803",0.108724254334447
"804",0.108655448077116
"805",0.108586726864814
"806",0.108518090555663
"807",0.108449547524287
"808",0.108381080593972
"809",0.108312701624527
"810",-0.121706201734924
"811",-0.121651503699468
"812",0.128297014827695
"813",0.128245582376621
"814",0.128194183755113
"815",0.128142829089484
"816",0.128091516984568
"817",0.128040248293473
"818",0.127989022073962
"819",0.127937830382507
"820",0.127886689422667
"821",0.127835580427927
"822",0.127784519590932
"823",0.127733496052315
"824",0.127682512245883
"825",0.127631571060192
"826",0.127580669523013
"827",0.127529810071792
"828",0.127478982316461
"829",0.0125021908534109
"830",-0.102437647397892
"831",-0.102405420248033
"832",0.0125663327053189
"833",0.0125619515001745
"834",0.0125575793408643
"835",0.1274819647806
"836",0.12743130961826
"837",0.127380688394624
"838",0.127330109366085
"839",0.127279569578604
"840",0.127229068988527
"841",0.12717861629244
"842",0.127128189506038
"843",0.127077814999211
"844",0.12702747460753
"845",0.126977170755708
"846",0.126926916584125
"847",0.126876693506347
"848",0.126826512208936
"849",0.126776372198947
"850",0.126726270978907
"851",0.126676208959907
"852",0.126626188553928
"853",0.126576209713676
"854",0.126526272399133
"855",0.126476365434428
"856",0.126426500368325
"857",0.126376673813866
"858",0.126326889072516
"859",0.126277142313484
"860",0.126227439275681
"861",0.126177775036922
"862",-0.123767673745533
"863",-0.123713165268782
"864",-0.123658704807895
"865",-0.123604289876312
"866",-0.123549926183841
"867",-0.123495602596449
"868",-0.123441340763748
"869",-0.12338711560551
"870",0.126563259987961
"871",0.126513679048003
"872",-0.123432150166991
"873",-0.123378019699885
"874",0.126572433657202
"875",0.126522925515019
"876",0.126473463109505
"877",0.126424036698154
"878",0.126374647777993
"879",0.126325294777416
"880",0.12627598536892
"881",0.126226711359777
"882",0.126177475132863
"883",0.126128279511249
"884",0.126079122037481
"885",0.126030007057125
"886",0.125980930590231
"887",0.125931881166252
"888",0.125882877422555
"889",0.125833914044051
"890",0.125784985726568
"891",0.125736092433726
"892",0.125687244206347
"893",0.125638428520688
"894",0.125589651046539
"895",0.125540915216334
"896",0.125492220366141
"897",0.125443557022663
"898",0.125394939384933
"899",0.125346353179339
"900",0.12529780735349
"901",0.125249295737376
"902",0.125200819629754
"903",0.125152388132847
"904",0.125103988784758
"905",0.125055628732298
"906",0.125007301205187
"907",0.124959015292916
"908",0.124910772285148
"909",0.124862555579966
"910",0.12481438364739
"911",0.124766246006402
"912",0.124718145007137
"913",0.124670083887395
"914",0.124622054119754
"915",0.124574074136035
"916",0.124526123048781
"917",0.124478206482308
"918",0.12443032871488
"919",0.124382487776529
"920",0.124334685560825
"921",0.124286917722202
"922",0.124239191796732
"923",0.124191493645412
"924",0.124143841043406
"925",0.12409621896586
"926",0.124048633460916
"927",0.124001091604441
"928",-0.125944829715081
"929",-0.000944442132094991
"930",-0.125890428200364
"931",0.12406208298853
"932",0.124014630584497
"933",0.123967206131056
"934",0.123919824080076
"935",0.123872480251521
"936",0.123825167076575
"937",0.123777895301828
"938",0.123730656918269
"939",0.123683457497464
"940",0.123636298469137
"941",0.123589162411008
"942",0.123542068009556
"943",0.123495019932307
"944",0.123447994288654
"945",0.123401004591869
"946",0.123354060215206
"947",0.123307147452579
"948",0.123260269640014
"949",0.123213422939443
"950",0.123166621840937
"951",0.123119848991337
"952",0.123073116532396
"953",0.123026416500579
"954",0.122979747415229
"955",-0.126966292407815
"956",0.122987080394523
"957",0.122940483175626
"958",0.122893931713406
"959",0.122847405484208
"960",0.122800916593405
"961",0.122754460329816
"962",0.122708045000763
"963",0.122661666897329
"964",0.122615319429315
"965",0.122569006343838
"966",0.122522733598089
"967",0.122476489059409
"968",0.122430281575362
"969",0.122384109225095
"970",0.122337978948053
"971",0.122291873985887
"972",0.122245808257503
"973",0.122199772877138
"974",0.122153772459569
"975",0.122107814378978
"976",0.122061883335846
"977",0.122015989474676
"978",0.121970129994224
"979",0.121924308510643
"980",0.121878518575613
"981",0.121832762919439
"982",0.121787042398864
"983",-0.128159070387483
"984",-0.128105224621322
"985",-0.128051429504922
"986",-0.127997679917826
"987",-0.127943967994725
"988",-0.12789031207285
"989",-0.127836691413904
"990",-0.127783125764836
"991",-0.127729595729761
"992",-0.00272851598856505
"993",0.122225807797804
"994",0.122180170690626
"995",-0.127766377381704
"996",-0.127712963228987
"997",-0.127659593277713
"998",-0.127606268795716
"999",-0.127552994774305
"1000",-0.127499757907572
"1001",-0.127446568229061
"1002",-0.127393423388639
"1003",-0.127340329239814
"1004",0.122614056170278
"1005",0.122568477767345
"1006",0.122522929072147
"1007",0.122477411914588
"1008",0.122431931280516
"1009",-0.127515017655242
"1010",0.122439536949969
"1011",0.122394123418417
"1012",0.122348744447663
"1013",0.122303397822179
"1014",-0.127643598025315
"1015",-0.127590633808722
"1016",-0.127537721347835
"1017",-0.127484853297574
"1018",-0.127432021894492
"1019",-0.127379232962994
"1020",0.101762522477657
"1021",0.101703153337439
"1022",0.101643831994807
"1023",0.101584604259187
"1024",0.101525443074934
"1025",0.101466338872342
"1026",0.101407309735805
"1027",0.101348338144817
"1028",0.101289458794781
"1029",0.101230632057195
"1030",0.101171871257975
"1031",0.101113188178715
"1032",0.101054563663638
"1033",0.100996020604725
"1034",0.100937526489361
"1035",0.100879123023333
"1036",0.100820776206092
"1037",0.10076249065969
"1038",0.100704282058359
"1039",0.100646135282659
"1040",0.100588065230113
"1041",0.100530052106478
"1042",0.100472106867528
"1043",0.100414231679679
"1044",0.10035642492403
"1045",0.100298681809363
"1046",0.100241003759947
"1047",0.100183393833504
"1048",0.100125848011885
"1049",0.10006837011133
"1050",0.100010964697503
"1051",0.0999536230829108
"1052",0.0998963420242944
"1053",0.0998391316243215
"1054",0.09978197692908
"1055",0.0997248981075245
"1056",0.0996678833544138
"1057",0.0996109302977857
"1058",0.0995540372277901
"1059",0.099497219611294
"1060",0.0994404649118223
"1061",0.0993837737987633
"1062",0.0993271578136046
"1063",0.0992705827866303
"1064",0.0992140919624944
"1065",0.0991576543092378
"1066",0.0991012975227932
"1067",0.0990449890941818
"1068",0.098988752828518
"1069",0.0989325778609782
"1070",0.0988764602370793
"1071",0.0988204175773717
"1072",0.0987644251217716
"1073",0.0987085013002797
"1074",0.0986526559863705
"1075",0.0985968490640516
"1076",0.0985411189340084
"1077",0.0984854585531139
"1078",0.0984298562907497
"1079",0.0983743090328062
"1080",0.0983188335067098
"1081",0.0982634143201722
"1082",0.0982080643934751
"1083",0.0981527752101101
"1084",0.0980975436141307
"1085",0.0980423756500386
"1086",0.0979872765565233
"1087",0.0979322256225714
"1088",0.0978772410799138
"1089",0.0978223358051764
"1090",0.0977674708101404
"1091",0.0977126787802263
"1092",0.0976579428697733
"1093",0.0976032622329512
"1094",0.0975486580719007
"1095",0.0974941105178004
"1096",0.0974396134188282
"1097",0.0973851887010824
"1098",0.0973308286756946
"1099",0.097276527181748
"1100",0.0972222735326795
"1101",0.0971680865804956
"1102",0.097113969259226
"1103",0.0970599048177974
"1104",0.0970058962157054
"1105",-0.0279774924838421
"1106",0.0969685884138016
"1107",0.0969147264204366
"1108",0.0968609161918721
"1109",0.0968071772367693
"1110",0.0967534966457606
"1111",0.0966998788480851
"1112",0.0966463192398805
"1113",0.0965928094647097
"1114",-0.153310979247181
"1115",-0.153214894204211
"1116",-0.153118923197326
"1117",-0.153023079528793
"1118",-0.0280065850456594
"1119",-0.0279901096710091
"1120",0.0969564213792182
"1121",-0.152948006874794
"1122",-0.152852560178871
"1123",-0.152757223377193
"1124",-0.152662011218126
"1125",-0.0276458050284418
"1126",-0.1525507741826
"1127",0.0756409126988729
"1128",0.0755750269963755
"1129",0.075509253942073
"1130",0.075443587906193
"1131",0.0753780425384321
"1132",0.0753126100680674
"1133",0.0752472827316524
"1134",0.0751820709538151
"1135",0.0751169925897557
"1136",0.07505199615116
"1137",0.0749871400221309
"1138",0.0749223834118311
"1139",0.0748577292906702
"1140",0.074793205005335
"1141",0.0747287784397486
"1142",0.0746644673381525
"1143",0.0746002693322225
"1144",0.0745361841509293
"1145",0.0744722093859309
"1146",0.0744083300160128
"1147",0.0743445890420844
"1148",0.0742809250077698
"1149",0.0742173735652614
"1150",0.0741539543978433
"1151",0.0740906272367283
"1152",0.0740274118597881
"1153",0.0739643048073049
"1154",0.0739013068814529
"1155",0.0738384147243778
"1156",0.0737756238286238
"1157",0.0737129434273811
"1158",0.0736503763491783
"1159",0.0735879004168964
"1160",0.0735255498384504
"1161",0.0734633013853454
"1162",0.0734011371023371
"1163",0.0733390870027506
"1164",0.0732771663715539
"1165",0.0732153240187472
"1166",0.0731535991853889
"1167",0.0730919771358458
"1168",0.0730304482221982
"1169",-0.051923206247011
"1170",0.073015400868826
"1171",-0.0519383042792469
"1172",-0.176771910793832
"1173",-0.176605841817945
"1174",-0.176440090282995
"1175",-0.176274644010846
"1176",0.0736637576246721
"1177",0.0736022537748795
"1178",0.0735408482996718
"1179",0.0734795502739871
"1180",0.0734183501517691
"1181",0.0733572497938439
"1182",0.073296276592373
"1183",0.0732353617149784
"1184",0.0731745735083678
"1185",0.0731138892151648
"1186",0.0730533085952629
"1187",0.0729928089913301
"1188",0.0729324288950011
"1189",0.0728721416162443
"1190",0.0728119549949042
"1191",0.0727518556905125
"1192",0.0726918698474037
"1193",0.0726319748973765
"1194",0.0725721746384806
"1195",0.0725124891996529
"1196",0.0724528979881143
"1197",0.0723933917506656
"1198",0.072333986434387
"1199",0.0722746878782345
"1200",0.0722154897721339
"1201",0.0721563757888362
"1202",0.0720973618226708
"1203",0.0720384637115785
"1204",0.0719796380308253
"1205",0.0719209016988316
"1206",0.0718622915665037
"1207",0.0718037582591933
"1208",0.0717453246707009
"1209",0.0716869835159741
"1210",0.071628735624472
"1211",0.0715705857583089
"1212",0.0715125237566099
"1213",0.0714545632781665
"1214",0.0713967022420547
"1215",0.0713389104639646
"1216",0.07128123856819
"1217",0.0712236524595937
"1218",0.0711661540135538
"1219",0.071108755781097
"1220",0.071051443768738
"1221",-0.178786983657119
"1222",-0.178625705162631
"1223",-0.178464702366909
"1224",-0.178304001203287
"1225",-0.178143599870964
"1226",-0.177983491670602
"1227",-0.177823662137598
"1228",-0.177664129163531
"1229",0.0722780425330711
"1230",-0.177562784128895
"1231",-0.177403894709641
"1232",-0.177245307197154
"1233",-0.17708698156639
"1234",-0.176928937697085
"1235",-0.176771194523099
"1236",-0.176613735528008
"1237",-0.176456548357237
"1238",-0.176299639078934
"1239",-0.176143026557838
"1240",-0.175986680764254
"1241",-0.175830613712606
"1242",-0.175674834412348
"1243",-0.175519319765954
"1244",-0.17536410410321
"1245",-0.175209145876579
"1246",-0.175054467725204
"1247",-0.174900066032933
"1248",-0.174745933336453
"1249",-0.17459208346736
"1250",-0.174438489615568
"1251",-0.174285174331089
"1252",-0.174132132066006
"1253",-0.173979368906657
"1254",-0.173826856231244
"1255",-0.173674634768759
"1256",-0.173522659566515
"1257",-0.173370950200479
"1258",-0.173219531950963
"1259",-0.173068370455439
"1260",-0.172917465171849
"1261",-0.172766821100595
"1262",-0.172616454898161
"1263",-0.172466355359575
"1264",-0.172316503605543
"1265",-0.172166911512249
"1266",-0.172017601287735
"1267",0.0567372910991253
"1268",0.0566709548875224
"1269",0.0566047678457835
"1270",0.0565387606493459
"1271",0.0564728815388662
"1272",0.0564071575463458
"1273",0.0563415843334951
"1274",0.05627617769278
"1275",0.0562109282363963
"1276",0.0561458193496946
"1277",0.0560808605769125
"1278",0.0560160500499478
"1279",0.0559513922707993
"1280",0.0558868805346719
"1281",0.0558225329241395
"1282",0.0557583044173953
"1283",0.0556942378389067
"1284",0.0556303301018488
"1285",0.0555665512238193
"1286",0.055502921646621
"1287",0.0554394335267716
"1288",0.0553761169667268
"1289",0.0553129262025323
"1290",0.0552498827946692
"1291",0.0551869801456633
"1292",0.0551242251021904
"1293",0.055061608682081
"1294",0.0549991255411442
"1295",0.0549367934982001
"1296",0.0548746059776022
"1297",0.0548125515724678
"1298",0.0547506395796518
"1299",0.0546888852331904
"1300",0.0546272276169475
"1301",0.0545657593465876
"1302",0.0545043930160318
"1303",0.0544431896942115
"1304",0.0543821067749377
"1305",0.0543211726871959
"1306",0.0542603665544448
"1307",0.0541996915799245
"1308",0.054139152105563
"1309",0.054078765640952
"1310",0.0540185030404245
"1311",0.053958366279403
"1312",0.0538983704464044
"1313",0.0538385103409382
"1314",0.0537787676894368
"1315",0.0537191825005721
"1316",0.0536597151149181
"1317",0.0536003829438414
"1318",0.0535411867349467
"1319",0.0534821071396436
"1320",0.0534231603251101
"1321",0.0533643635681074
"1322",0.0533056810363632
"1323",0.0532471194364916
"1324",0.0531886913213384
"1325",0.0531304091873608
"1326",0.0530722209550731
"1327",0.0530141849267238
"1328",0.0529562807205366
"1329",0.0528985009041207
"1330",0.0528408345890057
"1331",0.0527832849056722
"1332",0.0527258806469035
"1333",0.052668596872536
"1334",0.0526114320855413
"1335",0.052554397519998
"1336",-0.0614018022788514
"1337",-0.061344361412921
"1338",-0.0612870351724268
"1339",-0.0612298140895291
"1340",-0.0611727080595301
"1341",-0.0611157066159649
"1342",-0.0610587963437865
"1343",-0.174973497450992
"1344",-0.0608472264848388
"1345",-0.0607907296543999
"1346",-0.0607343419596873
"1347",-0.0606780490070378
"1348",-0.060621859605817
"1349",-0.0605657865708054
"1350",-0.060509804459798
"1351",-0.0604539381456561
"1352",-0.0603981592303171
"1353",-0.0603424865366833
"1354",-0.0602869127687882
"1355",0.053787904613273
"1356",0.0537307149279513
"1357",0.0536736518424732
"1358",-0.0603869928290806
"1359",-0.0603316637898388
"1360",-0.060276445474301
"1361",-0.174272628508334
"1362",-0.174136164030642
"1363",-0.173999901380739
"1364",-0.173863857176912
"1365",-0.173728029207268
"1366",-0.173592412778817
"1367",-0.173456996333698
"1368",-0.17332181090751
"1369",-0.173186827954851
"1370",-0.173052057207315
"1371",-0.172917493115165
"1372",-0.172783149628231
"1373",-0.172649006795837
"1374",-0.172515087871943
"1375",-0.17238136445485
"1376",-0.172247844588128
"1377",-0.17211454217977
"1378",-0.171981434776171
"1379",-0.171848562469677
"1380",-0.171715874168513
"1381",-0.171583396448113
"1382",-0.171451121224891
"1383",-0.171319054868945
"1384",-0.171187185093004
"1385",-0.171055529939622
"1386",-0.170924063853818
"1387",-0.170792825740136
"1388",-0.170661771613595
"1389",-0.170530935325587
"1390",-0.170400287186567
"1391",-0.170269836788066
"1392",-0.170139582909542
"1393",-0.170009552681222
"1394",-0.169879715482239
"1395",-0.169750058559657
"1396",-0.169620619766647
"1397",-0.169491368553281
"1398",-0.169362328033458
"1399",-0.169233467717277
"1400",-0.169104824555689
"1401",-0.168976364166156
"1402",-0.168848101800904
"1403",-0.16872003208664
"1404",-0.168592167110546
"1405",-0.168464493945066
"1406",-0.16833700647112
"1407",-0.168209714931436
"1408",-0.168082617366963
"1409",-0.167955736451404
"1410",-0.167829008978515
"1411",-0.167702505626949
"1412",-0.167576182913763
"1413",-0.167450043074496
"1414",-0.167324107962486
"1415",-0.167198342502161
"1416",-0.167072787366124
"1417",-0.166947412004447
"1418",-0.166822228080491
"1419",-0.166697234433741
"1420",-0.166572439673473
"1421",0.0833718132926151
"1422",0.0833161341834057
"1423",0.0832605262476136
"1424",0.0832050062035705
"1425",0.0831495390939381
"1426",0.0830941573531163
"1427",0.0830388518534164
"1428",0.0829836224584142
"1429",0.0829284552219178
"1430",0.0828733604812442
"1431",0.0828183544872445
"1432",0.0827634110210056
"1433",0.0827085381479264
"1434",0.0826537364937394
"1435",-0.167222228654282
"1436",-0.167098378240553
"1437",-0.166974705962275
"1438",-0.166851218111333
"1439",-0.16672791653582
"1440",-0.166604803438531
"1441",-0.166481852529614
"1442",-0.166359103033756
"1443",-0.166236540870159
"1444",-0.16611414939689
"1445",-0.165991937112267
"1446",-0.165869908842069
"1447",-0.165748051631454
"1448",-0.165626383213748
"1449",-0.165504901327949
"1450",-0.165383587216638
"1451",-0.165262465541673
"1452",-0.165141502109691
"1453",-0.165020741340413
"1454",-0.164900127863802
"1455",-0.164779716295016
"1456",-0.164659468920945
"1457",-0.164539400366266
"1458",-0.164419527101927
"1459",-0.16429980488283
"1460",-0.164180258272609
"1461",-0.164060894481736
"1462",-0.163941706285186
"1463",-0.163822694736155
"1464",-0.16370384460788
"1465",-0.163585170428632
"1466",-0.163466670439448
"1467",-0.163348340276571
"1468",-0.163230185004068
"1469",-0.163112211579573
"1470",-0.162994402926415
"1471",-0.162876759402934
"1472",-0.162759291983093
"1473",0.068016409422853
"1474",0.0679502320544998
"1475",0.0678841678090976
"1476",0.0678182413794275
"1477",0.0677524380498653
"1478",0.0676867530819436
"1479",0.0676212207854405
"1480",0.0675557999074954
"1481",0.0674904954412341
"1482",0.0674253372271778
"1483",0.0673602832284814
"1484",0.067295357979674
"1485",0.0672305884381785
"1486",0.0671659124909638
"1487",0.0671013720257179
"1488",0.0670369598210527
"1489",0.0669726736869052
"1490",0.0669085027784604
"1491",0.0668444387811178
"1492",0.066780521758119
"1493",0.0667167128231085
"1494",0.0666530353573762
"1495",0.0665894871654018
"1496",0.0665260286168632
"1497",0.066462721397329
"1498",0.0663995154754957
"1499",0.0663364488264051
"1500",0.066273487140279
"1501",0.0662106441832293
"1502",0.0661479333612078
"1503",0.0660853265835613
"1504",0.0660228643700975
"1505",0.065960494310275
"1506",0.0658982568857027
"1507",0.065836105890412
"1508",0.0657741093473305
"1509",0.0657122210741363
"1510",0.065650435639327
"1511",0.065588780285907
"1512",0.0655272332205641
"1513",0.0654657992836292
"1514",0.0654044823841105
"1515",0.0653432737944968
"1516",0.0652822039046441
"1517",0.0652212194436288
"1518",0.065160367932549
"1519",0.0650996124240919
"1520",0.0650389892216481
"1521",0.0649784707165963
"1522",0.0649180695236282
"1523",0.0648577835145261
"1524",0.0647976022428338
"1525",0.0647375194548658
"1526",0.0646775730510853
"1527",0.0646177245453146
"1528",0.0645579975189321
"1529",0.0644983669317298
"1530",0.0644388384807826
"1531",0.0643794425159285
"1532",0.0643201412531198
"1533",0.0642609590777283
"1534",0.064201879709799
"1535",0.0641429001661891
"1536",0.0640840497653699
"1537",0.0640253004221449
"1538",0.0639666459719592
"1539",0.0639081029621593
"1540",0.0638496769988706
"1541",0.0637913501086587
"1542",0.063733140588738
"1543",0.0636750196426874
"1544",0.0636170236502949
"1545",0.0635591215777822
"1546",0.0635013249138865
"1547",0.0634436315849598
"1548",0.0633860629350238
"1549",0.0633285754574899
"1550",0.063271199056544
"1551",0.0632139172794268
"1552",0.063156745140077
"1553",0.0630997020725772
"1554",0.0630427349096863
"1555",0.0629858671600232
"1556",0.0629291137793189
"1557",0.0628724610669451
"1558",-0.0520196375073283
"1559",0.0628604672365327
"1560",0.0628040243045689
"1561",0.0627476829758962
"1562",0.0626914247495733
"1563",0.0626352889594273
"1564",0.0625792522059783
"1565",0.0625232947440963
"1566",0.0624674571099604
"1567",0.062411713783149
"1568",0.0623560751409968
"1569",0.0623005391280458
"1570",0.0622450812388706
"1571",0.0621897387609351
"1572",0.0621344924238656
"1573",0.062079343764708
"1574",0.062024283766732
"1575",0.0619693345615815
"1576",0.0619144735373993
"1577",0.0618597101110936
"1578",0.061805051884221
"1579",0.0617504859419569
"1580",0.0616960159732116
"1581",0.0616416360480798
"1582",0.0615873542883492
"1583",0.0615331764820439
"1584",0.0614790993549832
"1585",0.0614251008682913
"1586",0.0613712178110291
"1587",0.0613173995152465
"1588",0.0612636970436142
"1589",0.0612100818634644
"1590",0.0611565564140619
"1591",0.0611031412609009
"1592",0.0610497966863477
"1593",0.0609965580679273
"1594",0.0609434177458752
"1595",0.0608903577358433
"1596",0.0608373861068685
"1597",0.0607845241975156
"1598",0.0607317466656241
"1599",0.0606790585989074
"1600",0.060626460966887
"1601",0.0605739488328254
"1602",0.0605215461000626
"1603",0.0604692228262138
"1604",0.0604169861562696
"1605",0.0603648435044306
"1606",0.0603127832127939
"1607",0.0602608126919222
"1608",0.0602089484000317
"1609",0.0601571734114259
"1610",0.0601054623984965
"1611",0.0600538726866944
"1612",0.0600023512124608
"1613",0.0599509228559327
"1614",0.059899564999796
"1615",0.0598483155481517
"1616",0.0597971594215778
"1617",0.0597460824719747
"1618",0.0596950937833753
"1619",0.0596441876350582
"1620",0.0595933693293773
"1621",0.0595426349100308
"1622",0.0594919945324364
"1623",0.0594414237730234
"1624",0.0593909501367307
"1625",0.0593405733870895
"1626",0.0592902713851799
"1627",0.0592400583882409
"1628",0.0591899206319795
"1629",0.0591398835058499
"1630",0.059089923835927
"1631",0.0590400425353437
"1632",0.0589902537976741
"1633",0.0589405447717581
"1634",0.0588909052621602
"1635",0.0588413705372659
"1636",0.058791921233933
"1637",0.0587425326248194
"1638",0.0586932509686449
"1639",0.0586440458992001
"1640",0.058594918311428
"1641",0.0585458706264035
"1642",0.0584969125957286
"1643",0.0584480314719258
"1644",0.0583992180199857
"1645",0.0583505098129535
"1646",0.058301887846028
"1647",0.0582533140532178
"1648",0.0582048440155631
"1649",0.0581564551321208
"1650",0.0581081399304821
"1651",0.0580599063760019
"1652",0.0580117489153054
"1653",0.057963683440903
"1654",0.0579156855656038
"1655",0.0578677694520593
"1656",0.0578199376614066
"1657",0.0577721836289129
"1658",0.0577245045915333
"1659",0.0576769110321038
"1660",0.0576293884987535
"1661",0.0575819563873665
"1662",0.0575345887627918
"1663",0.0574873084497085
"1664",0.0574401064968697
"1665",0.0573929746933572
"1666",0.0573459181759972
"1667",0.0572989386309928
"1668",0.0572520304485806
"1669",0.0572052067545883
"1670",0.0571584709196031
"1671",0.0571117839353974
"1672",0.0570652055648679
"1673",0.057018681860427
"1674",0.0569722400159662
"1675",0.0569258735977201
"1676",0.0568795869603491
"1677",0.0568333745413838
"1678",0.0567872256742703
"1679",0.0567411594875011
"1680",0.0566951696964679
"1681",0.0566492578327598
"1682",0.0566034211569786
"1683",0.0565576428471104
"1684",0.0565119559360028
"1685",0.0564663323002605
"1686",0.0564207875486318
"1687",0.0563753109763638
"1688",0.0563299198565801
"1689",0.056284580115971
"1690",0.0562393306918239
"1691",0.0561941566356836
"1692",0.0561490586314903
"1693",0.0561040070770105
"1694",0.0560590451277676
"1695",0.0560141622190713
"1696",0.0559693451905332
"1697",0.0559245878757793
"1698",0.0558799246191484
"1699",0.0558353069591249
"1700",0.0557907830043405
"1701",0.0557463181467028
"1702",0.0557019234056497
"1703",0.0556576106791908
"1704",0.0556133488553314
"1705",0.0555691832960292
"1706",0.0555250691922993
"1707",0.0554810321518744
"1708",0.0554370583067794
"1709",0.0553931526392262
"1710",0.0553493295155931
"1711",0.0553055605851114
"1712",0.0552618815636379
"1713",0.055218247915036
"1714",0.0551746953151451
"1715",0.0551312099687493
"1716",0.0550877917266916
"1717",0.0550444455311663
"1718",0.0550011720642942
"1719",0.0549579542330321
"1720",-0.17332211682151
"1721",-0.173221250708593
"1722",-0.173120515170012
"1723",-0.173019869733253
"1724",-0.172919361304594
"1725",-0.172818963059399
"1726",-0.172718685931613
"1727",-0.172618523592973
"1728",-0.172518480780127
"1729",0.0774413411691057
"1730",0.0774011897101445
"1731",0.0773610912783624
"1732",0.077321025513811
"1733",0.0772810058751929
"1734",0.0772410298704926
"1735",0.0772010838991264
"1736",0.0771611931195366
"1737",0.077121332875322
"1738",0.0770815172490984
"1739",0.0770417492549313
"1740",0.0770020208619826
"1741",0.0769623301548563
"1742",0.0769226770844398
"1743",0.0768830781489669
"1744",0.0768435057161696
"1745",0.0768039842278085
"1746",0.0767644995466981
"1747",0.0767250552908081
"1748",0.0766856483442098
"1749",0.0766462805040646
"1750",0.0766069614564913
"1751",0.0765676783466915
"1752",0.0765284250192053
"1753",0.0764892227598466
"1754",0.0764500465320452
"1755",0.0764109261417616
"1756",0.0763718499292736
"1757",0.0763328032498976
"1758",0.0762937963936565
"1759",-0.0594965795371536
"1760",-0.173571631123195
"1761",-0.173472751386726
"1762",-0.173373987339801
"1763",-0.173275339402608
"1764",0.0551166440000088
"1765",0.0550743977637467
"1766",0.0550322217986832
"1767",0.0549901192807738
"1768",0.0549480702084111
"1769",-0.0592101416768855
"1770",0.0549491555429995
"1771",0.0549072286667069
"1772",0.0548653630958142
"1773",0.0548235677288176
"1774",0.0547818440863921
"1775",0.0547401615567651
"1776",0.0546985422606667
"1777",0.0546570082460676
"1778",0.0546155322372215
"1779",0.0545741108253424
"1780",0.0545327471772907
"1781",0.0544914469010109
"1782",0.0544502311458928
"1783",0.0544090547500673
"1784",0.054367941325836
"1785",0.0543269029931253
"1786",0.0542859183751716
"1787",0.0542449995882635
"1788",0.0542041383469041
"1789",0.0541633426710177
"1790",0.0541226002187614
"1791",0.0540819271354849
"1792",0.0540413208382233
"1793",0.0540007673880609
"1794",0.0539602691096661
"1795",0.0539198412807309
"1796",0.0538794788953965
"1797",0.0538391623977077
"1798",0.0537989127133187
"1799",0.0537587192029605
"1800",0.0537185938519542
"1801",0.0536785340991628
"1802",0.0536385252999025
"1803",0.0535985729893582
"1804",0.0535586842870543
"1805",0.0535188510202715
"1806",0.0534790899455402
"1807",0.0534393816542433
"1808",0.0533997179973085
"1809",0.0533601269507926
"1810",0.0533206035506737
"1811",0.05328111324161
"1812",0.0532417007580079
"1813",0.0532023331506934
"1814",0.0531630326950108
"1815",0.0531237872892234
"1816",0.0530845991943352
"1817",0.053045471508085
"1818",0.0530064008908084
"1819",0.0529673792789254
"1820",0.0529284256645042
"1821",0.0528895303687023
"1822",-0.0610755697653076
"1823",-0.0610368192792521
"1824",-0.060998126571576
"1825",-0.0609594771831325
"1826",-0.049953270390688
"1827",-0.0499275528072758
"1828",-0.0499018592490756
"1829",-0.0498761868111615
"1830",0.0750873101587786
"1831",0.0750508475230163
"1832",0.0750144166049722
"1833",0.0749780294245284
"1834",0.0749416744492919
"1835",0.0749053459130664
"1836",0.0748690563796117
"1837",-0.175036289445416
"1838",-0.174941740129725
"1839",-0.174847290960315
"1840",-0.174752956632801
"1841",-0.174658714713587
"1842",-0.174564571914743
"1843",0.0753990258235717
"1844",-0.0495756604323105
"1845",0.0753879674521158
"1846",0.0753516353433952
"1847",0.0753153386285703
"1848",0.0752790875067149
"1849",0.0752428529140161
"1850",-0.174663320722175
"1851",-0.174569601767871
"1852",-0.17447598382023
"1853",-0.174382461058485
"1854",-0.174289050924926
"1855",-0.174195738516573
"1856",-0.174102523122201
"1857",-0.17400940799962
"1858",-0.173916387340796
"1859",-0.173823472327058
"1860",-0.173730663367678
"1861",0.0545484671802114
"1862",0.05450924444267
"1863",0.0544700683185511
"1864",0.054430955044154
"1865",0.0543918912753725
"1866",0.0543528846847039
"1867",0.0543139312776475
"1868",0.0542750348267873
"1869",-0.173892220083872
"1870",-0.173799999640323
"1871",-0.173707865356846
"1872",-0.173615839528793
"1873",-0.173523907442359
"1874",-0.173432067829708
"1875",-0.173340331766667
"1876",-0.173248696299197
"1877",-0.173157162393181
"1878",-0.173065709794173
"1879",-0.172974360173612
"1880",-0.172883111692499
"1881",-0.172791959756069
"1882",-0.172700904226076
"1883",-0.1726099393818
"1884",-0.172519080144411
"1885",0.0560194856407179
"1886",0.0559797643472848
"1887",0.0559400973834272
"1888",0.0559004708302382
"1889",0.0558609237505152
"1890",0.0558214383490849
"1891",0.0557820099074888
"1892",0.0557426298855717
"1893",0.055703286690914
"1894",0.0556640254035301
"1895",0.0556248137327202
"1896",0.055585649319255
"1897",0.0555465465495217
"1898",0.0555074992225855
"1899",0.0554684889029886
"1900",0.0554295528527291
"1901",0.0553906673540041
"1902",0.0553518383749179
"1903",0.0553130414700718
"1904",0.0552743161042599
"1905",0.0552356438893185
"1906",0.0551970300621178
"1907",0.0551584699242085
"1908",-0.173160644582822
"1909",0.0552291091480583
"1910",0.0551905921111029
"1911",0.0551521368633985
"1912",0.0551137266265869
"1913",0.0550753704010276
"1914",0.0550370718265185
"1915",0.0549988104648946
"1916",0.0549606140957621
"1917",0.0549224720707571
"1918",0.0548843918095372
"1919",0.0548463468658156
"1920",0.0548083687317558
"1921",0.0547704370073916
"1922",0.0547325756106147
"1923",0.0546947529110184
"1924",0.0546569763337175
"1925",0.0546192540241464
"1926",0.0545815948516974
"1927",0.0545439687957696
"1928",0.0545064176239975
"1929",0.054468911335789
"1930",0.0544314438702713
"1931",0.0543940375246166
"1932",0.0543566847300099
"1933",0.0543193734720262
"1934",0.0542821185536013
"1935",0.0542449094537005
"1936",0.0542077542595507
"1937",0.0541706521253218
"1938",0.054133603691298
"1939",0.0540966036678583
"1940",0.0540596608479973
"1941",0.0540227469973615
"1942",0.0539858990487119
"1943",0.0539490939590905
"1944",0.0539123471608036
"1945",0.0538756518981245
"1946",0.0538390176643588
"1947",0.0538024185370887
"1948",0.0537658677149011
"1949",0.0537293732049875
"1950",0.0536929187146598
"1951",0.0536565166712535
"1952",0.0536201787235768
"1953",0.0535838717132719
"1954",0.0535476278637361
"1955",0.0535114331341902
"1956",0.0534752779021801
"1957",0.0534391657511151
"1958",0.0534031090446661
"1959",0.0533670988952508
"1960",0.0533311454619252
"1961",0.0532952303674392
"1962",0.0532593550124147
"1963",0.0532235375394521
"1964",0.053187771289231
"1965",0.0531520496260782
"1966",0.0531163811720035
"1967",0.0530807672912488
"1968",0.0530451890026598
"1969",0.0530096563870757
"1970",0.0529741867903795
"1971",0.0529387467231572
"1972",0.0529033615075605
"1973",0.0528680310435448
"1974",0.0528327494175755
"1975",0.0527975028235232
"1976",-0.175079264199667
"1977",-0.061052980763634
"1978",0.0529064163019939
"1979",-0.0610497953875893
"1980",-0.0610147085335484
"1981",-0.0609796581284172
"1982",-0.0609446490816481
"1983",-0.0609096881271398
"1984",-0.060874764682012
"1985",-0.0608398688109446
"1986",-0.0608050245464256
"1987",-0.0607702169872937
"1988",-0.0607354436233436
"1989",0.0532558957511355
"1990",0.0532206898606091
"1991",0.0531855186090979
"1992",0.0531503962483839
"1993",0.0531153284264292
"1994",0.0530802921275608
"1995",0.0530453073515673
"1996",0.0530103703931672
"1997",0.0529754747567495
"1998",0.0529406296554953
"1999",0.0529058285555948
"2000",-0.0610498376099713
"2001",0.0529092523011059
"2002",-0.0500487768513267
"2003",0.0639098697138252
"2004",0.063875580452077
"2005",0.06384134093787
"2006",0.0748257533159631
"2007",0.0747931485002482
"2008",0.0747605725991889
"2009",0.0747280296200188
"2010",0.0746955058239109
"2011",0.0746630184494279
"2012",0.0746305628617847
"2013",0.0745981309573835
"2014",0.0745657282441243
"2015",0.0745333471022604
"2016",0.0745010047285177
"2017",0.074468687929766
"2018",0.0744363931280532
"2019",0.0744041248326539
"2020",0.0743718870762677
"2021",0.0743396873895108
"2022",0.0743075070549821
"2023",0.0742753460581298
"2024",0.074243219480195
"2025",0.0742111202471278
"2026",0.0741790543834213
"2027",0.0741470097418642
"2028",0.0741149958903407
"2029",0.0740830107442889
"2030",0.0740510452505987
"2031",0.0740191084005346
"2032",0.0739872162939719
"2033",0.0739553377115953
"2034",0.0739234876746195
"2035",0.0738916681984847
"2036",0.0738598696916597
"2037",0.0738281031644874
"2038",0.0737963615865738
"2039",0.0737646549332567
"2040",0.0737329666317237
"2041",0.0737013026864588
"2042",0.0736696845742699
"2043",0.0736380712278333
"2044",0.0736065011496976
"2045",0.0735749517807562
"2046",0.0735434296220774
"2047",0.0735119385990401
"2048",0.0734804727417213
"2049",0.0734490389768325
"2050",0.0734176217647473
"2051",0.0733862316101295
"2052",0.0733548679745581
"2053",0.0733235368170426
"2054",0.0732922211627738
"2055",0.073260956316517
"2056",0.0732296984479035
"2057",0.0731984754092991
"2058",0.0731672811816679
"2059",0.0731361097605259
"2060",0.0731049661444558
"2061",0.0730738398196991
"2062",0.0730427536163916
"2063",0.0730116911254299
"2064",0.0729806463550631
"2065",0.0729496356398158
"2066",0.0729186455737363
"2067",0.072887694939709
"2068",0.0728567569858569
"2069",0.0728258504896075
"2070",0.0727949694646668
"2071",0.0727641104876966
"2072",0.072733286777293
"2073",0.0727024731750134
"2074",0.072671696816542
"2075",0.072640953669179
"2076",0.0726102235312283
"2077",0.072579521633088
"2078",0.0725488504012901
"2079",0.0725182088717702
"2080",0.0724875900723418
"2081",0.0724569910162245
"2082",0.0724264284199307
"2083",0.0723958781636611
"2084",0.0723653588993329
"2085",0.0723348627434461
"2086",0.0723043931320717
"2087",0.0722739504471974
"2088",0.0722435273273732
"2089",0.0496662353289139
"2090",0.049634842775049
"2091",0.0496034825428069
"2092",0.0495721662664437
"2093",0.0495408938713808
"2094",0.0495096501836088
"2095",0.0494784488164441
"2096",0.0494472973769007
"2097",0.0494161764454475
"2098",0.0493851004594035
"2099",0.0493540596853563
"2100",0.0493230630017933
"2101",0.0492921081986424
"2102",0.0492611816098361
"2103",0.0492303037171951
"2104",0.0491994607054949
"2105",0.0491686471486901
"2106",0.049137890116981
"2107",0.0491071433461912
"2108",0.0490764420901542
"2109",0.04904578910282
"2110",0.0490151848498499
"2111",0.048984616436428
"2112",0.0489540845082956
"2113",0.0489235746408667
"2114",0.048893116760155
"2115",0.0488626930600731
"2116",0.0488323041845433
"2117",0.0488019548556622
"2118",0.0487716496099893
"2119",0.0487413804057724
"2120",0.048711146477217
"2121",0.0486809537724184
"2122",0.0486507928617357
"2123",0.0486206656332797
"2124",0.0485905822515633
"2125",0.0485605162193679
"2126",0.048530505360759
"2127",0.0485005319842458
"2128",0.0484705967301124
"2129",0.0484406928535464
"2130",0.048410841025543
"2131",0.048381010263256
"2132",0.0483512261453143
"2133",0.0483214724645222
"2134",0.0482917686131259
"2135",0.0482620789625798
"2136",0.0482324383137893
"2137",0.0482028318929224
"2138",0.0481732596417714
"2139",0.0481437208036368
"2140",0.0481142193384585
"2141",0.0480847551807528
"2142",0.0480553282686742
"2143",0.0480259432442836
"2144",0.0479965866252314
"2145",0.0479672750716418
"2146",0.0479379899006744
"2147",0.0479087456678826
"2148",0.0478795303133666
"2149",0.0478503590675246
"2150",0.0478212205780437
"2151",0.0477921128931484
"2152",0.0477630425430107
"2153",0.0477340120523877
"2154",0.047705018767374
"2155",0.0476760546644073
"2156",0.0476471295405645
"2157",0.0476182302136294
"2158",0.047589367861292
"2159",0.0475605562169221
"2160",0.0475317615691893
"2161",0.0475030083798629
"2162",0.0474742886544846
"2163",0.0474456067840947
"2164",0.0474169629123935
"2165",0.0473883390695846
"2166",0.047359763595523
"2167",0.0473312120047922
"2168",0.0473027053903934
"2169",0.0472742343990831
"2170",0.0472457989690156
"2171",0.047217380717484
"2172",0.0471890169392282
"2173",0.047160676040221
"2174",0.0471323621331976
"2175",0.0471041043492733
"2176",0.0470758641949942
"2177",0.0470476605933072
"2178",0.0470194907193218
"2179",0.0469913455108326
"2180",0.0469632392305357
"2181",0.0469351685842412
"2182",0.0469071295992762
"2183",0.0468791268231143
"2184",0.0468511516883154
"2185",0.0468232184066437
"2186",0.0467953165643848
"2187",0.0467674442716088
"2188",0.0467396097483288
"2189",0.0467118019168993
"2190",0.0466840324297664
"2191",0.0466562973269902
"2192",0.046628597925519
"2193",0.0466009192878118
"2194",0.0465732897482667
"2195",0.0465456801921391
"2196",0.0465181125182426
"2197",0.0464905661119701
"2198",0.0464630491496791
"2199",0.0464355784661166
"2200",0.0464081352911307
"2201",0.0463807323358196
"2202",0.046353349727724
"2203",0.0463260022279428
"2204",0.0462986979582638
"2205",0.0462714184468496
"2206",0.0462441654672148
"2207",0.0462169607690157
"2208",0.0461897761415457
"2209",0.0461626154119585
"2210",0.0461354989292886
"2211",0.0461084017133544
"2212",0.0460813570061873
"2213",0.0460543314675306
"2214",0.0460273372827942
"2215",0.046000376198208
"2216",0.04597344116155
"2217",0.0459465422827634
"2218",0.0459196727606468
"2219",0.0458928372481751
"2220",0.0458660271615372
"2221",0.0458392599975923
"2222",0.0458125255663617
"2223",0.0457858157351438
"2224",0.0457591385384148
"2225",0.0457324984254228
"2226",0.0457058793817851
"2227",0.045679299351832
"2228",0.0456527409860428
"2229",0.0456262194948067
"2230",0.0455997171284253
"2231",0.0455732577975141
"2232",0.0455468230829865
"2233",0.0455204194586258
"2234",0.0454940448435082
"2235",0.045467696068954
"2236",0.0454413938477956
"2237",0.0454151135672873
"2238",0.0453888627798733
"2239",0.0453626452272147
"2240",0.0453364470595261
"2241",0.0453102875835611
"2242",0.0452841643036663
"2243",0.0452580633846082
"2244",0.0452319941068708
"2245",0.0452059608724085
"2246",0.0451799429938546
"2247",0.0451539610658074
"2248",0.295002572776866
"2249",0.294851349151941
"2250",0.294700282815029
"2251",0.294549370728419
"2252",0.0680348664882331
"2253",0.06800885276607
"2254",0.0679828550437378
"2255",0.0444308643818658
"2256",0.0444054253748618
"2257",0.0443800147168076
"2258",0.0443546391961718
"2259",0.044329284422929
"2260",0.0443039697875065
"2261",0.0442786843650538
"2262",0.0442534253288613
"2263",0.0442281824634847
"2264",0.0442029819296295
"2265",0.0441777964369976
"2266",0.0441526548929687
"2267",0.044127534440122
"2268",0.0441024381107127
"2269",0.0440773770569649
"2270",0.0440523407087312
"2271",0.0676296581350471
"2272",0.0676040517810179
"2273",0.0675784605555236
"2274",-0.182344721521076
"2275",-0.182267977141237
"2276",-0.182191291514755
"2277",-0.182114674533295
"2278",-0.182038118773562
"2279",-0.181961629372381
"2280",-0.181885208390668
"2281",-0.181808850082234
"2282",-0.181732557910436
"2283",-0.181656331335034
"2284",-0.181580160357043
"2285",0.0449581152370229
"2286",0.0449327643636934
"2287",0.0449074376647332
"2288",0.0448821370882797
"2289",0.0448568649717345
"2290",0.0448316162528499
"2291",0.0448064019765297
"2292",0.0447812056117982
"2293",0.0447560533521028
"2294",0.0447309249775572
"2295",0.0447058284826198
"2296",0.0446807504049502
"2297",0.0446556997812877
"2298",0.0446306795947748
"2299",0.044605683096961
"2300",0.0445807139312819
"2301",0.0445557800612733
"2302",0.0445308764410584
"2303",0.0445059866524389
"2304",0.0444811380439205
"2305",0.0444563202090649
"2306",0.0444315227687184
"2307",0.0444067590251507
"2308",0.0443820162563497
"2309",0.0443573004358768
"2310",0.0443326151762449
"2311",0.0443079634278547
"2312",0.0442833222004992
"2313",0.0442587180568808
"2314",0.0442341472917178
"2315",0.044209600881004
"2316",-0.0689659461986594
"2317",0.0442214780196082
"2318",-0.0689551230971119
"2319",-0.0689221338379866
"2320",0.0442696451646043
"2321",0.0442451533872372
"2322",0.0442206762108981
"2323",0.0441962453605811
"2324",0.0441718326637783
"2325",0.0441474420913437
"2326",0.0441230851338332
"2327",0.0440987568181299
"2328",0.0440744507923228
"2329",0.0440501703578775
"2330",0.0440259322604106
"2331",0.0440017120636185
"2332",0.0439775114082295
"2333",0.0439533529406617
"2334",0.0439292080118321
"2335",0.0439050766035507
"2336",0.0438809872503043
"2337",0.0438569185553206
"2338",0.0438328829513921
"2339",0.0438088774335483
"2340",0.043784893465272
"2341",0.0437609228210931
"2342",0.0437369922892685
"2343",0.0437130815516866
"2344",0.0436891951703728
"2345",0.0436653291671973
"2346",0.043641508967994
"2347",0.0436177025403595
"2348",0.0435939232502278
"2349",0.0435701713558956
"2350",0.0672501210920018
"2351",0.0672256626203307
"2352",0.0672012329996505
"2353",0.06717681477312
"2354",0.0671524212757504
"2355",0.0671280341684906
"2356",-0.0697053560706991
"2357",-0.0696726345322531
"2358",-0.0696399542975996
"2359",-0.0696072993487178
"2360",-0.0695746765431977
"2361",-0.0695420929750981
"2362",0.0435879362812557
"2363",0.0435643282271485
"2364",0.0435407401255361
"2365",0.0435171942772286
"2366",0.0434936611873127
"2367",0.0434701583089918
"2368",0.0434466823408002
"2369",0.0434232284151221
"2370",0.0433998071403039
"2371",0.0433763978362549
"2372",0.0433530240079563
"2373",0.0433296791634348
"2374",0.0433063490945642
"2375",0.0432830485769955
"2376",0.0432597704930231
"2377",0.0432365241358639
"2378",0.0432132924324833
"2379",0.0431900917374151
"2380",0.0431669139743462
"2381",0.0431437648876454
"2382",0.04312064026999
"2383",0.0430975349536311
"2384",0.0430744604454958
"2385",0.0430513974952191
"2386",0.0430283678306296
"2387",0.0430053624604625
"2388",0.0429823778340506
"2389",0.0429594215820543
"2390",0.0429364965348213
"2391",0.0429135905251314
"2392",0.0428907134082692
"2393",0.0428678632324591
"2394",0.0428450319923286
"2395",0.042822221894312
"2396",0.042799430040759
"2397",0.0427766697612242
"2398",0.0427539362444804
"2399",0.0427312215088023
"2400",0.0427085325100052
"2401",0.179566679646086
"2402",-0.0704010380177351
"2403",0.0665106837004714
"2404",0.0664871118315205
"2405",0.0664635646699026
"2406",0.0664400347286573
"2407",0.0664165158432297
"2408",0.066393019635143
"2409",0.0663695333623764
"2410",0.0663460692903755
"2411",0.0663226195119933
"2412",0.0662991899280314
"2413",0.0662757746104035
"2414",0.0662523794508161
"2415",0.0662289985266398
"2416",0.0662056265700812
"2417",0.0661822843558184
"2418",0.0661589506435121
"2419",0.0661356311120471
"2420",0.0421674394310685
"2421",0.042145218789301
"2422",0.0421230260744778
"2423",0.0421008508474188
"2424",0.0420787085076881
"2425",0.0420565864224045
"2426",0.0420344829981332
"2427",0.0420124151678465
"2428",0.0419903590172908
"2429",0.0419683361869829
"2430",0.0419463278049079
"2431",0.0419243407541217
"2432",0.0419023800113791
"2433",0.0538794810709078
"2434",0.0538563985519431
"2435",0.0538333501845045
"2436",0.041804604959907
"2437",0.0417827569199289
"2438",0.0417609246669599
"2439",0.0417391219343699
"2440",0.0417173340083536
"2441",0.0416955817727285
"2442",0.0416738545809494
"2443",0.0416521464576363
"2444",0.0416304551999929
"2445",0.0416087979228905
"2446",0.0656409717430506
"2447",0.0656181553677015
"2448",0.0415329545776331
"2449",0.0415113676954206
"2450",0.0414898105809698
"2451",0.0414682707723841
"2452",0.0414467504051572
"2453",0.0414252631162526
"2454",0.0414038020298904
"2455",0.0413823553390102
"2456",0.0413609320039541
"2457",0.0413395307386963
"2458",0.0413181540152436
"2459",0.0412968048567564
"2460",0.0412754705812404
"2461",0.0412541533241892
"2462",0.0412328709608119
"2463",0.0412115959770745
"2464",0.0411903468739183
"2465",0.0411691208428238
"2466",0.0411479295507888
"2467",0.0411267427771236
"2468",0.0411055974509509
"2469",0.0410844722882757
"2470",0.0410633549654449
"2471",0.0410422694330919
"2472",0.041021191076652
"2473",0.0410001490690775
"2474",0.0409791123256582
"2475",0.0409581133699248
"2476",0.0409371322457446
"2477",0.0409161615607445
"2478",0.0408952169200347
"2479",0.0408743010393664
"2480",0.0408534065172717
"2481",0.0408325162225083
"2482",0.0408116680591775
"2483",0.0407908289434999
"2484",0.0407700190407922
"2485",0.040749227606284
"2486",0.04072845585506
"2487",0.0407077004038001
"2488",0.0406869639627985
"2489",0.0406662565710576
"2490",0.0406455735992495
"2491",0.0406249107818439
"2492",0.0406042574268213
"2493",0.0405836290265142
"2494",0.040563022812421
"2495",0.0405424521341047
"2496",0.0405218941596104
"2497",0.0405013488743862
"2498",0.0404808411203703
"2499",0.0404603438928461
"2500",0.0404398674399999
"2501",0.0404194156835729
"2502",0.0403989804362936
"2503",0.0403785704402253
"2504",0.0403581696300535
"2505",0.0403378000537487
"2506",0.0403174474995467
"2507",0.0402971194598649
"2508",0.0402768092517363
"2509",0.0402565193107876
"2510",0.0402362450622604
"2511",0.0645279789914639
"2512",0.0645062384865014
"2513",0.0644845230945066
"2514",0.0401386525772978
"2515",0.0644464686611173
"2516",0.0644247940763307
"2517",0.0644031352712773
"2518",0.064381488273284
"2519",0.064359856185547
"2520",0.064338242274971
"2521",0.0643166424069932
"2522",0.0642950495912373
"2523",0.0642734821431077
"2524",0.0642519245811854
"2525",0.0642303810127487
"2526",0.0642088531058107
"2527",0.0641873387467058
"2528",0.0641658346521581
"2529",0.0641443535623694
"2530",0.0641228845561272
"2531",0.0641014321499824
"2532",0.0640799918037374
"2533",0.0640585639303026
"2534",0.0640371485151263
"2535",0.0640157478101173
"2536",0.0639943663227314
"2537",0.0639730000966665
"2538",0.0639516376668325
"2539",0.0639302907420642
"2540",0.0639089658143348
"2541",0.0638876536831958
"2542",0.0638663530789927
"2543",0.0638450715960062
"2544",0.0638238020346762
"2545",0.0638025380449108
"2546",0.0637812886343454
"2547",0.0637600623758772
"2548",0.0637388502454996
"2549",0.0637176504023955
"2550",0.0636964642435487
"2551",0.0636752866903407
"2552",0.0636541250496521
"2553",0.0636329856333759
"2554",0.0636118539496238
"2555",0.0635907367322943
"2556",0.0635696394456318
"2557",0.0635485515358596
"2558",0.0635274749765813
"2559",0.063506415073789
"2560",0.0634853624324023
"2561",0.0634643282519392
"2562",0.0634433139202883
"2563",0.0634223098895745
"2564",0.0634013161561597
"2565",0.0633803385881038
"2566",0.0633593722795922
"2567",0.0633384270040551
"2568",0.0633174893264368
"2569",0.0632965718159539
"2570",0.0632756718059682
"2571",0.063254778378905
"2572",0.0632339010280702
"2573",0.0632130356916605
"2574",0.0631921886379132
"2575",0.0631713535749441
"2576",0.0631505300771096
"2577",0.0631297140880633
"2578",0.0631089177313697
"2579",0.0630881390279683
"2580",0.0630673647447111
"2581",0.0630466149214044
"2582",0.063025871579157
"2583",0.0630051469652244
"2584",0.0629844292325288
"2585",0.0629637251931854
"2586",0.0629430380340636
"2587",0.0629223653741064
"2588",0.0629017063693027
"2589",0.0628810605940089
"2590",0.062860435942639
"2591",0.0628398200533411
"2592",0.0628192109743395
"2593",0.0627986217350553
"2594",0.0627780402610369
"2595",0.0627574737482064
"2596",0.0627369194153289
"2597",0.0627163804401789
"2598",0.062695851405806
"2599",0.0626753381184244
"2600",0.0626548445761728
"2601",0.0626343609419564
"2602",0.0626138876250479
"2603",0.0625934309719014
"2604",0.0625729864113964
"2605",0.0625525531031599
"2606",0.0625321344905387
"2607",0.0625117347008199
"2608",0.062491339918779
"2609",0.0624709597996116
"2610",0.062450599292788
"2611",0.0624302535543393
"2612",0.0624099126562214
"2613",0.0623895825137879
"2614",0.0623692705594294
"2615",0.0376289651503612
"2616",0.0376106584899389
"2617",-0.0749933590941509
"2618",0.0376270443775866
"2619",-0.0749784488070873
"2620",0.0623611422906833
"2621",0.0623408979972737
"2622",0.0623206625896273
"2623",0.0623004438875796
"2624",0.0622802336401946
"2625",0.062260048563985
"2626",-0.0627184954919358
"2627",0.062261334311188
"2628",0.0622411676104093
"2629",-0.0751002124325169
"2630",-0.0627091671922244
"2631",-0.0626877553768281
"2632",-0.0626663636376179
"2633",-0.0626449756928196
"2634",0.062334864775039
"2635",0.0623147241603874
"2636",0.06229460067334
"2637",0.0622744858410442
"2638",0.0622543758327083
"2639",0.062234291650384
"2640",0.0622142100892233
"2641",0.0621941490117024
"2642",0.0621740988553938
"2643",0.062154065741197
"2644",0.0621340382167546
"2645",0.0621140338407713
"2646",0.0620940332682949
"2647",0.0620740554040822
"2648",0.0620540835061547
"2649",0.0620341206922603
"2650",0.0620141761937703
"2651",-0.0629644489508792
"2652",-0.0629430979715835
"2653",-0.0629217525165586
"2654",-0.0629004309048469
"2655",-0.0628791295912379
"2656",-0.062857840279321
"2657",-0.0628365564498381
"2658",0.0621435139000823
"2659",0.0621235880062159
"2660",0.0621036754819215
"2661",0.0620837798360299
"2662",0.0620638975360635
"2663",0.0620440268121456
"2664",0.062024172519159
"2665",0.0620043268008885
"2666",0.0619844977736648
"2667",0.0619646773011482
"2668",0.0619448701127112
"2669",0.0619250740328425
"2670",0.0619052955371444
"2671",0.0618855203028943
"2672",0.0618657604700275
"2673",0.0618460169680475
"2674",0.0618262831794709
"2675",0.0618065682610904
"2676",0.0617868587214616
"2677",0.0617671580603201
"2678",0.0617474822938675
"2679",0.0617278093195637
"2680",0.06170815812402
"2681",0.0616885157614888
"2682",0.0616688878744753
"2683",0.0616492682765966
"2684",0.0616296623211383
"2685",0.0616100620827638
"2686",0.0615904788355692
"2687",0.0615709121611872
"2688",0.0615513554785139
"2689",0.0615318131949607
"2690",0.0615122814069764
"2691",0.06149276387805
"2692",0.0614732599042327
"2693",0.0614537581022887
"2694",0.0614342813769326
"2695",0.061414807330948
"2696",0.061395345870551
"2697",0.0613759030147776
"2698",0.0613564700561255
"2699",0.0613370436312834
"2700",0.0613176357746852
"2701",0.0612982365746575
"2702",0.0612788563194044
"2703",0.0612594868434826
"2704",0.0612401289454283
"2705",0.0612207818066963
"2706",0.0612014535636263
"2707",0.0611821257807605
"2708",0.0611628147344163
"2709",0.0611435178743704
"2710",0.061124236399337
"2711",-0.18880960802926
"2712",0.0611710991815926
"2713",-0.188762800451514
"2714",0.0362952901905373
"2715",0.0362781711028219
"2716",0.0362610704451072
"2717",0.0362439950713451
"2718",0.0362269267134252
"2719",0.0362098855348449
"2720",0.0361928576094215
"2721",0.0361758423259744
"2722",0.0361588422074419
"2723",0.0361418558859441
"2724",0.036124889005805
"2725",0.0361079309750494
"2726",0.0360910056042485
"2727",0.0360740933501802
"2728",0.036057193603483
"2729",0.0360403131835483
"2730",0.0360234389936522
"2731",0.0360065778586431
"2732",0.0359897379275935
"2733",0.035972918582047
"2734",0.0359561059958651
"2735",0.0359393143899069
"2736",0.0359225396005058
"2737",0.0359057808564103
"2738",0.0358890344414249
"2739",0.0358723034441937
"2740",0.0358555897728365
"2741",0.0358388926597399
"2742",0.0358222078029939
"2743",0.0358055382857856
"2744",0.0357888959042612
"2745",0.0357722570097394
"2746",0.0357556426897645
"2747",0.035739029324759
"2748",0.0357224404942826
"2749",0.0357058668869286
"2750",0.0356893165808287
"2751",0.0356727820399101
"2752",0.0356562483884773
"2753",0.0356397373871005
"2754",0.0356232426875067
"2755",0.0356067625052674
"2756",0.0355903066592873
"2757",0.0355738416619715
"2758",0.0355573992073914
"2759",0.0355409816147585
"2760",0.0355245661357912
"2761",0.0355081804536894
"2762",0.0354918066677783
"2763",0.035475442862662
"2764",0.0354590976548934
"2765",0.0354427612255677
"2766",0.0354264483248699
"2767",0.0354101484062994
"2768",0.0353938578009547
"2769",0.0353775814619439
"2770",0.0353613266670436
"2771",0.0353450805541797
"2772",0.0353288578335196
"2773",0.0353126431764395
"2774",0.0352964364374202
"2775",0.0352802474990312
"2776",0.0352640935016098
"2777",0.0352479376178962
"2778",0.0352318080440455
"2779",0.0352156876051595
"2780",0.035199580641347
"2781",0.0351834925131698
"2782",0.0351674110115709
"2783",0.0351513441019051
"2784",0.0351352972720633
"2785",0.0351192667367286
"2786",0.0351032416074304
"2787",0.0350872255003196
"2788",0.0350712348954403
"2789",0.0350552642648836
"2790",0.0350393086700933
"2791",0.0350233546632808
"2792",0.0350074236102955
"2793",0.0349915099977807
"2794",0.0349756052892189
"2795",0.0349597185631865
"2796",0.0349438456141797
"2797",0.0349279826841666
"2798",0.0349121371018555
"2799",0.0348963088472374
"2800",0.0348804863842815
"2801",0.0348646757520328
"2802",0.0348488920353702
"2803",0.0348331213881465
"2804",0.0348173709899129
"2805",0.0348016304797056
"2806",0.0347858896511752
"2807",0.0347701695973228
"2808",0.0347544667019974
"2809",0.0347387779365818
"2810",0.0347230959832814
"2811",0.0347074401634018
"2812",0.0346917978367856
"2813",0.0346761647106177
"2814",0.0346605450486095
"2815",0.0346449357130041
"2816",0.0346293379625422
"2817",0.0346137626347627
"2818",0.0345981982809462
"2819",0.0345826448901789
"2820",0.0345671155791933
"2821",0.0345515899316524
"2822",0.0345360884457477
"2823",0.0345206019937905
"2824",0.0345051185922784
"2825",0.0344896490514657
"2826",0.0344741999033431
"2827",0.034458764575902
"2828",0.0344433430509525
"2829",0.0344279364580871
"2830",0.0344125382434868
"2831",0.0343971573383897
"2832",0.0343817871926149
"2833",0.0343664456631814
"2834",0.0343510987004265
"2835",0.0343357761939842
"2836",0.0343204595737916
"2837",0.0343051499785361
"2838",0.0342898659200728
"2839",0.0342745913694671
"2840",0.0342593345376372
"2841",0.0342440870699647
"2842",0.034228858539791
"2843",0.0342136435665452
"2844",0.0341984403057722
"2845",0.0341832445301407
"2846",0.171790626556685
"2847",0.171731762215131
"2848",0.171672940965436
"2849",0.171614164291896
"2850",0.0339116077102517
"2851",0.033896573320817
"2852",0.0338815635441279
"2853",0.0338665581293753
"2854",0.0338515654693765
"2855",0.033836583736047
"2856",0.0338216140553413
"2857",0.0338066671738488
"2858",0.0337917269807804
"2859",0.0337768000335927
"2860",0.0337618821286014
"2861",0.0337469939713628
"2862",0.0337321118749969
"2863",0.0337172411509528
"2864",0.033702380651448
"2865",0.033687537377773
"2866",0.0336727101712313
"2867",0.0336578889691737
"2868",0.0336430891111377
"2869",0.0336282869975548
"2870",0.0336135014622414
"2871",0.0335987307862524
"2872",0.0335839789131569
"2873",0.0335692424268927
"2874",0.0335545195102895
"2875",0.0335397972139617
"2876",0.0335250961143174
"2877",0.0335104108980886
"2878",0.0334957473951363
"2879",0.0334810762669804
"2880",0.033466430968474
